Date,Wind_Speed,Solar_Irradiance
2023-01-01 00:00:00,6.706060848157682,125.93922095130013
2023-01-01 01:00:00,2.109455059800596,140.63672296237806
2023-01-01 02:00:00,7.336309853033157,128.80571727130783
2023-01-01 03:00:00,8.464538521903037,147.7327053460595
2023-01-01 04:00:00,5.366965388105982,99.906272807276
2023-01-01 05:00:00,8.107960339981181,111.85666084667604
2023-01-01 06:00:00,6.166289712095988,116.76303793743597
2023-01-01 07:00:00,3.6151289109603644,173.19430027298083
2023-01-01 08:00:00,8.421500580794373,255.56889686469378
2023-01-01 09:00:00,4.074689121798628,226.58816507329516
2023-01-01 10:00:00,5.525750116076371,481.3640647739906
2023-01-01 11:00:00,6.462675258485524,391.53138650014034
2023-01-01 12:00:00,5.94467641614453,490.1265375733723
2023-01-01 13:00:00,4.98941976747218,340.181869322383
2023-01-01 14:00:00,6.618323281875717,446.87957748473843
2023-01-01 15:00:00,4.559450687448296,312.92839733661793
2023-01-01 16:00:00,4.413149212556534,259.78801992656895
2023-01-01 17:00:00,2.434643445457687,231.73489995635578
2023-01-01 18:00:00,2.487565416976265,169.5949194115927
2023-01-01 19:00:00,4.023108522698962,169.59491941159268
2023-01-01 20:00:00,4.254328110307079,139.8334522364512
2023-01-01 21:00:00,2.24130356975426,130.74368971682657
2023-01-01 22:00:00,2.9680956613820264,99.8366206065272
2023-01-01 23:00:00,6.137105752781807,169.59491941159268
2023-01-02 00:00:00,6.873524268808538,166.35667873754429
2023-01-02 01:00:00,3.6709461659387266,115.63445515256221
2023-01-02 02:00:00,8.80162141876158,116.9070776404525
2023-01-02 03:00:00,6.602182113518832,154.21500617729436
2023-01-02 04:00:00,8.286721330892725,140.2808937695559
2023-01-02 05:00:00,8.274013354605437,133.1221936155752
2023-01-02 06:00:00,7.269497273338001,151.80144094681654
2023-01-02 07:00:00,5.222708168913724,221.81761942768438
2023-01-02 08:00:00,6.9155178229341,290.8893544042449
2023-01-02 09:00:00,7.852261953078862,361.54552627326
2023-01-02 10:00:00,6.7237297982866675,308.19485172889864
2023-01-02 11:00:00,9.458751093137469,435.3449597267209
2023-01-02 12:00:00,3.629376974156413,219.14628677532883
2023-01-02 13:00:00,3.232335480283027,442.3400433784561
2023-01-02 14:00:00,1.9877043484720343,288.7534024570731
2023-01-02 15:00:00,3.238745720775036,291.1564273837672
2023-01-02 16:00:00,4.093860812245885,299.76396142835597
2023-01-02 17:00:00,4.245082988661149,165.5312052849822
2023-01-02 18:00:00,0.5345298892401233,152.31759289506275
2023-01-02 19:00:00,4.18777982825746,169.86476722758573
2023-01-02 20:00:00,2.188049466975227,156.45338788544478
2023-01-02 21:00:00,3.899867079243126,169.86476722758573
2023-01-02 22:00:00,3.241583440891896,126.94062184805976
2023-01-02 23:00:00,6.463981149736543,169.86476722758573
2023-01-03 00:00:00,4.747179677047788,124.99132598259106
2023-01-03 01:00:00,1.9895353167259646,170.15539762669147
2023-01-03 02:00:00,6.001312930869815,65.35921700331293
2023-01-03 03:00:00,5.595899605952305,123.46958004720491
2023-01-03 04:00:00,5.141386353484949,170.15539762669147
2023-01-03 05:00:00,5.772472580498302,132.25276915906622
2023-01-03 06:00:00,5.347500605635298,136.4964899292364
2023-01-03 07:00:00,5.352939308950842,153.89255748654557
2023-01-03 08:00:00,6.678592341517112,350.1553976266914
2023-01-03 09:00:00,3.5212457900581944,254.63090552522735
2023-01-03 10:00:00,5.80708012724533,442.4245285745176
2023-01-03 11:00:00,3.9860698049289516,268.5248888497632
2023-01-03 12:00:00,6.67021241546188,487.471003281619
2023-01-03 13:00:00,4.417934344387689,436.4038838491421
2023-01-03 14:00:00,3.5493990726515587,350.35070810387674
2023-01-03 15:00:00,4.756966963368858,373.12504265733253
2023-01-03 16:00:00,2.6978043674527203,349.1936741467977
2023-01-03 17:00:00,3.104688418698705,185.93572592360226
2023-01-03 18:00:00,2.958760225593345,170.1553976266915
2023-01-03 19:00:00,5.202678143213919,170.15539762669147
2023-01-03 20:00:00,4.9667109921215085,167.43122497067134
2023-01-03 21:00:00,4.363945089560393,161.72215991479862
2023-01-03 22:00:00,6.549749762374172,95.69105520574163
2023-01-03 23:00:00,3.7329272591568223,122.06158091205606
2023-01-04 00:00:00,3.47455007578826,160.19085653540063
2023-01-04 01:00:00,6.008800321752203,122.5918375858957
2023-01-04 02:00:00,6.5897753907829,143.71261782307096
2023-01-04 03:00:00,5.78425645498798,104.02293007475637
2023-01-04 04:00:00,8.02072489387236,166.89915878190624
2023-01-04 05:00:00,8.401747258413007,147.07843853981598
2023-01-04 06:00:00,6.432159447597659,116.02921834153199
2023-01-04 07:00:00,6.702495363638313,231.4021891761681
2023-01-04 08:00:00,5.064640889693951,312.86789282852766
2023-01-04 09:00:00,7.008872433934274,364.62873378911314
2023-01-04 10:00:00,5.643867593735339,454.69355010817475
2023-01-04 11:00:00,5.345004872815687,461.71441589844227
2023-01-04 12:00:00,6.114778566644107,409.673276529038
2023-01-04 13:00:00,4.493260949488702,488.1952255668248
2023-01-04 14:00:00,3.139263261294502,482.23586985124837
2023-01-04 15:00:00,4.021004399589078,298.41643263796544
2023-01-04 16:00:00,5.182158949569364,287.6203734708583
2023-01-04 17:00:00,4.404072470284434,252.9403740267533
2023-01-04 18:00:00,3.3456670671062305,100.78562800840295
2023-01-04 19:00:00,4.71576178974075,137.0454566394004
2023-01-04 20:00:00,4.9411845965804115,160.35644111752336
2023-01-04 21:00:00,6.098163417530687,170.46672448885045
2023-01-04 22:00:00,2.065866848932413,170.46672448885045
2023-01-04 23:00:00,5.936360927840381,99.27814841632748
2023-01-05 00:00:00,5.286696504593586,154.7300922674727
2023-01-05 01:00:00,7.128508204508798,143.4239945067991
2023-01-05 02:00:00,8.603451323481616,162.43490074103084
2023-01-05 03:00:00,6.495668407020129,140.91566043470843
2023-01-05 04:00:00,8.586578474610516,165.16278393512903
2023-01-05 05:00:00,6.270687583972697,145.31019178044585
2023-01-05 06:00:00,6.311558706163088,153.25748990495148
2023-01-05 07:00:00,9.703843496351064,216.35663128889377
2023-01-05 08:00:00,5.492242334454869,305.34641171539334
2023-01-05 09:00:00,4.43457853972623,425.3570967883514
2023-01-05 10:00:00,7.342379480956787,394.8028370015697
2023-01-05 11:00:00,5.564958593597253,518.5319530252589
2023-01-05 12:00:00,4.082079558524817,498.8109938034341
2023-01-05 13:00:00,5.126652700731106,367.71088498252146
2023-01-05 14:00:00,5.426460352868627,433.6781637087953
2023-01-05 15:00:00,3.3443548777958987,425.3570967883514
2023-01-05 16:00:00,4.221293892081825,340.6393756014872
2023-01-05 17:00:00,3.4579681628359102,263.97351179810187
2023-01-05 18:00:00,1.6463634118825832,159.9413639015567
2023-01-05 19:00:00,2.9488636523023373,158.99372739489183
2023-01-05 20:00:00,2.7456962448330895,154.0147700700827
2023-01-05 21:00:00,5.240332154575218,147.32931107776415
2023-01-05 22:00:00,3.02588853488969,144.35617627487392
2023-01-05 23:00:00,3.720573399367522,131.11105143582728
2023-01-06 00:00:00,7.2494946435292995,120.0137522286041
2023-01-06 01:00:00,7.003573575284237,116.99054555680371
2023-01-06 02:00:00,4.906382971678521,171.1510924853828
2023-01-06 03:00:00,8.23026473219715,139.36198047742516
2023-01-06 04:00:00,4.8843116267148545,171.1510924853828
2023-01-06 05:00:00,7.241370430383309,139.69344824581248
2023-01-06 06:00:00,7.5191430829454395,171.1510924853828
2023-01-06 07:00:00,5.191798163107327,259.3723429379281
2023-01-06 08:00:00,7.813231466845246,292.4500596608536
2023-01-06 09:00:00,2.7934369311048557,353.96280337154656
2023-01-06 10:00:00,5.4257367042980915,482.92023784778075
2023-01-06 11:00:00,4.961729656057247,518.8843899494474
2023-01-06 12:00:00,4.861930936270163,363.5587153500555
2023-01-06 13:00:00,4.990398364791144,518.8843899494474
2023-01-06 14:00:00,4.056797201980174,321.5313179972431
2023-01-06 15:00:00,4.273929370076849,260.898578646334
2023-01-06 16:00:00,3.262351958251773,307.4148507586045
2023-01-06 17:00:00,4.547264931003849,154.91798283464374
2023-01-06 18:00:00,3.364071860362676,119.13837233044283
2023-01-06 19:00:00,3.759387585343431,132.9183801247955
2023-01-06 20:00:00,2.3996332949451187,75.85672377525044
2023-01-06 21:00:00,5.650458687624869,131.34667066815643
2023-01-06 22:00:00,3.544201515367999,136.50956854509295
2023-01-06 23:00:00,5.144395301018185,118.32203114967096
2023-01-07 00:00:00,5.595256104722081,116.79369173659423
2023-01-07 01:00:00,5.084035236563405,106.54706208946415
2023-01-07 02:00:00,7.604437581596894,150.45616404971938
2023-01-07 03:00:00,7.047486805110673,143.00949474193956
2023-01-07 04:00:00,7.877834638473141,171.52393082674894
2023-01-07 05:00:00,3.127252175147574,151.70490213885043
2023-01-07 06:00:00,7.188120430325319,118.08627436031226
2023-01-07 07:00:00,3.524946798174386,186.70956743506784
2023-01-07 08:00:00,7.436979447858645,351.52393082674894
2023-01-07 09:00:00,5.927429385923794,426.08237205390606
2023-01-07 10:00:00,6.242746813359588,473.81964087408835
2023-01-07 11:00:00,8.924908373453206,440.1599193297824
2023-01-07 12:00:00,4.289114668416301,474.0788242591794
2023-01-07 13:00:00,3.317418893264653,519.2572282908135
2023-01-07 14:00:00,4.233999298070037,313.5072351409187
2023-01-07 15:00:00,8.23308648491531,426.08237205390606
2023-01-07 16:00:00,1.875200944358883,340.63695776274307
2023-01-07 17:00:00,3.672409922132092,264.69878706365654
2023-01-07 18:00:00,4.62953681664539,142.31166919164545
2023-01-07 19:00:00,4.71681157546049,151.02997767971146
2023-01-07 20:00:00,5.240925223848109,164.4589973771096
2023-01-07 21:00:00,3.613592157826708,115.86390265961278
2023-01-07 22:00:00,4.2754242125867234,125.94368906093719
2023-01-07 23:00:00,3.693692912863988,119.60799076180277
2023-01-08 00:00:00,5.131694088430619,137.63948139930847
2023-01-08 01:00:00,5.418644318729723,157.697192880043
2023-01-08 02:00:00,9.181642136948604,106.9794465179754
2023-01-08 03:00:00,5.707477248839455,169.2865937841452
2023-01-08 04:00:00,6.193275109191381,128.1807740917727
2023-01-08 05:00:00,5.910376532009086,129.63283201502762
2023-01-08 06:00:00,6.035586960605777,103.57084702690865
2023-01-08 07:00:00,8.581410045731566,265.0919163421532
2023-01-08 08:00:00,7.310326004065895,333.3129316630045
2023-01-08 09:00:00,7.761997131299488,402.1390658417342
2023-01-08 10:00:00,7.469925849269715,268.47931750791025
2023-01-08 11:00:00,4.458919794485276,357.64415974871264
2023-01-08 12:00:00,7.349283043938122,517.7442925231337
2023-01-08 13:00:00,1.19140947711049,410.3821352784873
2023-01-08 14:00:00,0.8257199545081333,319.56245469496565
2023-01-08 15:00:00,6.337903678687425,306.66021491852746
2023-01-08 16:00:00,4.858594093601246,302.8505319926087
2023-01-08 17:00:00,1.805332211543572,260.5329063194506
2023-01-08 18:00:00,3.4617530734504958,136.67180575961967
2023-01-08 19:00:00,3.677713574515416,158.57498030216288
2023-01-08 20:00:00,3.0729812090236326,134.8333222739789
2023-01-08 21:00:00,4.477338503236212,171.91706010524572
2023-01-08 22:00:00,5.618899139618873,168.31583093147324
2023-01-08 23:00:00,5.473012764408144,160.764161124096
2023-01-09 00:00:00,4.031667163654162,172.33036382818352
2023-01-09 01:00:00,5.884727787154828,106.7176725897507
2023-01-09 02:00:00,6.619938564566981,47.78501487064457
2023-01-09 03:00:00,4.950178843195674,172.33036382818352
2023-01-09 04:00:00,4.343655940610814,172.33036382818352
2023-01-09 05:00:00,5.7333439860256945,145.7517090923402
2023-01-09 06:00:00,8.725701061151954,113.4138736981502
2023-01-09 07:00:00,9.078218360023142,214.33957015391795
2023-01-09 08:00:00,7.361794316058837,352.33036382818347
2023-01-09 09:00:00,7.059030773187058,294.58216331586544
2023-01-09 10:00:00,4.260776813836904,416.39438878528307
2023-01-09 11:00:00,5.867979075058573,472.721180771084
2023-01-09 12:00:00,4.507482523193774,454.69794558093366
2023-01-09 13:00:00,3.7011562939166405,520.0636612922481
2023-01-09 14:00:00,4.2050879791763816,272.8590735940788
2023-01-09 15:00:00,7.823298822605597,388.18193554305583
2023-01-09 16:00:00,2.5462245696520887,329.4319455531205
2023-01-09 17:00:00,3.099562380638664,190.34850961662696
2023-01-09 18:00:00,4.383968071154687,141.24071903956357
2023-01-09 19:00:00,3.353925455312713,141.96750437827376
2023-01-09 20:00:00,2.5834783716101004,146.60154955416758
2023-01-09 21:00:00,3.634742283282601,141.5153235754837
2023-01-09 22:00:00,4.469446440238608,136.83508603077266
2023-01-09 23:00:00,4.027103982527573,120.32751161308363
2023-01-10 00:00:00,5.541468207540589,172.76371952474938
2023-01-10 01:00:00,4.9045623441784345,163.94889636823447
2023-01-10 02:00:00,5.405521130331155,152.94036411107663
2023-01-10 03:00:00,9.129839816087273,158.6267414029566
2023-01-10 04:00:00,8.271912461026115,172.76371952474938
2023-01-10 05:00:00,8.50709610257147,131.3410865605482
2023-01-10 06:00:00,5.708510681319144,103.14691393128491
2023-01-10 07:00:00,6.09228595088548,265.93857576165686
2023-01-10 08:00:00,7.564828758495145,352.7637195247493
2023-01-10 09:00:00,3.950576536753534,305.02079315355735
2023-01-10 10:00:00,6.571755125881696,221.539001990768
2023-01-10 11:00:00,7.146545625083905,375.46281140990277
2023-01-10 12:00:00,3.569063774691979,532.7637195247494
2023-01-10 13:00:00,6.413458794899458,372.8750484572395
2023-01-10 14:00:00,4.825193450722893,248.92698556846506
2023-01-10 15:00:00,4.671782155694795,427.32216075190655
2023-01-10 16:00:00,4.430450573854871,352.7637195247493
2023-01-10 17:00:00,5.439130145248892,193.28605216145797
2023-01-10 18:00:00,4.238026898186479,138.3185496480982
2023-01-10 19:00:00,2.214077496816495,134.20255064470982
2023-01-10 20:00:00,3.3012592341988505,133.06190803674627
2023-01-10 21:00:00,2.7175190609542,131.1108873161499
2023-01-10 22:00:00,4.865095588074328,172.76371952474938
2023-01-10 23:00:00,4.305976013997821,156.87951782416104
2023-01-11 00:00:00,3.7564118834725937,162.20177092069167
2023-01-11 01:00:00,5.5597429635086675,112.02272340912862
2023-01-11 02:00:00,5.425190001959382,173.21699878229782
2023-01-11 03:00:00,7.000998306559732,138.07974661522914
2023-01-11 04:00:00,8.720801549071577,124.97277623639579
2023-01-11 05:00:00,5.206169183427444,146.2403222017825
2023-01-11 06:00:00,6.161286714067683,141.72397161199
2023-01-11 07:00:00,8.591641936552177,227.95332001399063
2023-01-11 08:00:00,4.618555936039092,224.31012432721923
2023-01-11 09:00:00,6.666423415614405,346.23672865127696
2023-01-11 10:00:00,8.318677698532106,344.13033879316555
2023-01-11 11:00:00,6.125887149298833,520.9502962463624
2023-01-11 12:00:00,4.018105169360943,397.5305302034997
2023-01-11 13:00:00,4.938840946050589,361.92030122963354
2023-01-11 14:00:00,6.732448407905732,484.98614414469574
2023-01-11 15:00:00,3.871589814744317,406.6731651686437
2023-01-11 16:00:00,2.936998564319234,344.6315896855942
2023-01-11 17:00:00,4.053361070212344,255.91256015058218
2023-01-11 18:00:00,3.160518935206037,129.85161698122133
2023-01-11 19:00:00,2.3777808481738347,147.47193201300016
2023-01-11 20:00:00,3.5162538794464995,173.21699878229782
2023-01-11 21:00:00,6.4360500011598205,136.18145143811108
2023-01-11 22:00:00,5.380011760226189,170.89363990949838
2023-01-11 23:00:00,4.816649798588726,134.87316630479543
2023-01-12 00:00:00,4.302073076279028,141.5010768881286
2023-01-12 01:00:00,5.525018448287483,141.51965624464046
2023-01-12 02:00:00,6.550882479200355,173.6900672844023
2023-01-12 03:00:00,5.102224985921644,143.7724275764213
2023-01-12 04:00:00,7.053706820051194,173.6900672844023
2023-01-12 05:00:00,5.650670216848825,173.6900672844023
2023-01-12 06:00:00,9.000719081570052,113.6484555008374
2023-01-12 07:00:00,4.071206192125411,214.12270225753392
2023-01-12 08:00:00,5.934230065471818,353.69006728440223
2023-01-12 09:00:00,3.856164078328772,394.44741853516706
2023-01-12 10:00:00,5.669893081050683,399.3312738680482
2023-01-12 11:00:00,5.338524334288659,428.68026074333454
2023-01-12 12:00:00,6.575156834413476,525.4087007790963
2023-01-12 13:00:00,5.702937677764671,521.4233647484668
2023-01-12 14:00:00,5.4198638256593,414.6203360059444
2023-01-12 15:00:00,3.3745561440986673,274.5925005557851
2023-01-12 16:00:00,4.137106261074389,164.05503755470968
2023-01-12 17:00:00,5.184685818555495,238.18395047124847
2023-01-12 18:00:00,3.5902902181564307,146.43648928702294
2023-01-12 19:00:00,5.807330169362167,173.6900672844023
2023-01-12 20:00:00,3.785351281469887,173.6900672844023
2023-01-12 21:00:00,4.816596605579695,157.06129796041836
2023-01-12 22:00:00,4.0864969165621154,135.81628873102875
2023-01-12 23:00:00,4.862919219669677,139.11992179521414
2023-01-13 00:00:00,6.164890011254502,154.09827319860003
2023-01-13 01:00:00,4.283353646398364,165.43417645648177
2023-01-13 02:00:00,6.502268944017244,104.78666730500983
2023-01-13 03:00:00,7.289655337674448,132.85390364957203
2023-01-13 04:00:00,7.107366922534638,113.92592181145906
2023-01-13 05:00:00,8.419568605051598,143.63457601726745
2023-01-13 06:00:00,5.249021429879428,152.58831868294635
2023-01-13 07:00:00,7.316495246885348,192.2810774377292
2023-01-13 08:00:00,6.1728709342569585,328.6952156528805
2023-01-13 09:00:00,6.293462598376852,428.7412260778131
2023-01-13 10:00:00,7.3138246928275485,390.0436044975912
2023-01-13 11:00:00,4.574408653823488,506.5778789098188
2023-01-13 12:00:00,6.303405654186684,419.66343240127884
2023-01-13 13:00:00,5.376954900767963,521.9160823147205
2023-01-13 14:00:00,6.1056185007912065,403.4416365273403
2023-01-13 15:00:00,4.237552659184025,288.69923834942114
2023-01-13 16:00:00,5.422444404316709,269.8187427349523
2023-01-13 17:00:00,4.869836575493818,200.46822243760712
2023-01-13 18:00:00,4.9487221880979755,143.26129383930217
2023-01-13 19:00:00,4.314726929975351,131.16139137976108
2023-01-13 20:00:00,5.314073848711627,95.51184468711882
2023-01-13 21:00:00,7.901140612921036,155.94144754124898
2023-01-13 22:00:00,4.266267499480033,111.25108450582341
2023-01-13 23:00:00,5.421353595343834,128.86023165354908
2023-01-14 00:00:00,7.643870801883459,135.43399810584566
2023-01-14 01:00:00,3.8271682663253888,140.3216355057418
2023-01-14 02:00:00,5.427161729365869,174.69500547821022
2023-01-14 03:00:00,7.573503993281671,139.4444327227296
2023-01-14 04:00:00,9.051606549689343,167.07647790317307
2023-01-14 05:00:00,7.087958252946757,150.81562650315269
2023-01-14 06:00:00,7.272353557015011,174.69500547821022
2023-01-14 07:00:00,6.6545525658070765,194.67748704627792
2023-01-14 08:00:00,3.3790645443314,331.672753956218
2023-01-14 09:00:00,6.7252257393657295,325.9524417369169
2023-01-14 10:00:00,8.784981677646838,466.76499890209163
2023-01-14 11:00:00,3.6797769547158174,508.16589852549544
2023-01-14 12:00:00,5.904091283001236,376.5186874864708
2023-01-14 13:00:00,7.710125540058485,522.4283029422749
2023-01-14 14:00:00,1.7792315724353451,399.39137417519765
2023-01-14 15:00:00,0.9011611964160711,335.1916768719932
2023-01-14 16:00:00,1.3827024093658222,317.2480422391852
2023-01-14 17:00:00,4.8617448811135855,267.8698617151178
2023-01-14 18:00:00,6.255143414547178,152.4157313442355
2023-01-14 19:00:00,2.1307063894558773,134.4781169538475
2023-01-14 20:00:00,5.630985523501349,158.09123322690246
2023-01-14 21:00:00,3.689380045461182,174.69500547821022
2023-01-14 22:00:00,2.269622014325251,174.69500547821022
2023-01-14 23:00:00,5.38793525295745,122.38275771949449
2023-01-15 00:00:00,6.675275455617195,156.43873240033778
2023-01-15 01:00:00,4.336638557913286,130.14733221121264
2023-01-15 02:00:00,7.271891159800935,135.42291032873626
2023-01-15 03:00:00,6.665795987711645,137.67491679306613
2023-01-15 04:00:00,7.738805182768261,171.20243595055516
2023-01-15 05:00:00,6.203091117355617,120.64003783302813
2023-01-15 06:00:00,7.691834280437044,116.79305653877523
2023-01-15 07:00:00,5.514528221371219,170.7621272677945
2023-01-15 08:00:00,7.745594693672056,337.30865601638305
2023-01-15 09:00:00,7.5047735906469075,387.9534338372404
2023-01-15 10:00:00,6.862138310973366,396.25607529376157
2023-01-15 11:00:00,4.5377144083490215,421.3939303504946
2023-01-15 12:00:00,6.549700905471619,470.60180641877173
2023-01-15 13:00:00,6.7063123196396734,386.60825092218636
2023-01-15 14:00:00,1.5155650543394779,443.61835182809654
2023-01-15 15:00:00,5.524479557558045,266.5751393345636
2023-01-15 16:00:00,3.356481262400976,355.2265773850384
2023-01-15 17:00:00,4.048140293018394,199.5720660843458
2023-01-15 18:00:00,4.553516509057199,138.95714333594088
2023-01-15 19:00:00,2.264322293440845,168.65133826307718
2023-01-15 20:00:00,5.397538701961499,175.2265773850385
2023-01-15 21:00:00,1.932507939408561,139.96003573182037
2023-01-15 22:00:00,6.760619484954894,162.53504140814897
2023-01-15 23:00:00,7.379892506529931,149.67737671411862
2023-01-16 00:00:00,7.090117308779495,144.49572122860442
2023-01-16 01:00:00,5.997953972679969,156.02379448884668
2023-01-16 02:00:00,6.782779974711578,147.83437461385859
2023-01-16 03:00:00,6.181474120952883,175.77734305491248
2023-01-16 04:00:00,8.102320980318545,133.76696560607292
2023-01-16 05:00:00,6.729894823286655,83.02590083305297
2023-01-16 06:00:00,6.425593243527564,120.48109444635361
2023-01-16 07:00:00,6.382677700771158,162.3040901409155
2023-01-16 08:00:00,6.673187210796858,315.8014031716818
2023-01-16 09:00:00,4.699366457622275,366.8747807123157
2023-01-16 10:00:00,6.795962785728974,487.5464884173104
2023-01-16 11:00:00,6.935326146832683,367.64996043129935
2023-01-16 12:00:00,6.967819462671683,357.31286226393377
2023-01-16 13:00:00,7.625196623740921,492.8121875437599
2023-01-16 14:00:00,4.359324401549195,450.454691984257
2023-01-16 15:00:00,4.997614348072788,307.0280858060315
2023-01-16 16:00:00,5.738363997204656,355.7773430549125
2023-01-16 17:00:00,4.641843887961319,192.49363947167495
2023-01-16 18:00:00,2.5012073922538236,147.3328899600807
2023-01-16 19:00:00,5.796051029648078,147.95432883185126
2023-01-16 20:00:00,7.036575658031202,156.09196251910123
2023-01-16 21:00:00,4.07693547853968,170.86674940752417
2023-01-16 22:00:00,4.559822342562291,131.3830698145832
2023-01-16 23:00:00,6.063006733922948,129.00802756088245
2023-01-17 00:00:00,5.618244984943144,176.34713928407783
2023-01-17 01:00:00,4.794457167239451,98.39536982552517
2023-01-17 02:00:00,5.67783013979227,171.200518409032
2023-01-17 03:00:00,8.00276133772158,112.47579388470075
2023-01-17 04:00:00,10.919739012410744,176.34713928407783
2023-01-17 05:00:00,10.228296922103862,171.81859872342704
2023-01-17 06:00:00,6.867518569477279,170.43036314874453
2023-01-17 07:00:00,8.113184051621214,181.3167857778913
2023-01-17 08:00:00,8.293153805377015,347.4781226064164
2023-01-17 09:00:00,5.123636770255935,388.48587784665614
2023-01-17 10:00:00,6.320479081186518,390.63141901581173
2023-01-17 11:00:00,6.555251199852847,482.46102064702524
2023-01-17 12:00:00,7.486159323244097,536.3471392840778
2023-01-17 13:00:00,4.8871566959189,381.21855724622907
2023-01-17 14:00:00,6.985642612032864,439.23497802585706
2023-01-17 15:00:00,3.972047003127231,370.60790655807625
2023-01-17 16:00:00,3.5290807256495578,185.87715710555702
2023-01-17 17:00:00,2.9398246547706424,202.4429752652787
2023-01-17 18:00:00,2.878916657625738,152.59087256420645
2023-01-17 19:00:00,5.224871954524943,145.76814623406034
2023-01-17 20:00:00,3.0905971277536013,139.74464942140418
2023-01-17 21:00:00,2.3696442677411547,99.94982071606132
2023-01-17 22:00:00,7.654548797612737,168.24433815896776
2023-01-17 23:00:00,6.5229834141185,167.7713187178928
2023-01-18 00:00:00,5.052888493339849,176.9357972296145
2023-01-18 01:00:00,5.506397203135125,114.24163940462684
2023-01-18 02:00:00,6.137642408437735,161.3168937745713
2023-01-18 03:00:00,3.3902990974867295,131.11717250126867
2023-01-18 04:00:00,5.872385679239438,162.0892246508386
2023-01-18 05:00:00,6.301324312965854,147.29112306344206
2023-01-18 06:00:00,6.970416777535873,135.1637308082491
2023-01-18 07:00:00,6.314800680599677,222.10703562356863
2023-01-18 08:00:00,5.5452713315297775,306.07816188062026
2023-01-18 09:00:00,3.160954350453183,216.00822767959286
2023-01-18 10:00:00,5.602475328209873,462.6594114168411
2023-01-18 11:00:00,6.817140319976758,378.5877774521497
2023-01-18 12:00:00,6.265781466523739,536.9357972296145
2023-01-18 13:00:00,5.127404880710118,300.19504042442236
2023-01-18 14:00:00,5.545898827049615,345.2458931905966
2023-01-18 15:00:00,4.771767993907312,296.6860333809655
2023-01-18 16:00:00,3.7613622755535006,237.61359560408334
2023-01-18 17:00:00,2.592039325230131,257.6487327151365
2023-01-18 18:00:00,6.106209246167992,72.0270013381153
2023-01-18 19:00:00,4.828286948057002,176.9357972296145
2023-01-18 20:00:00,3.5720734146315487,158.45340171036943
2023-01-18 21:00:00,3.3020608042865893,141.90826326752304
2023-01-18 22:00:00,4.240806153428123,113.87038475759151
2023-01-18 23:00:00,5.099601343809715,122.5298595726546
2023-01-19 00:00:00,5.102999904510472,154.50718922342014
2023-01-19 01:00:00,1.476694822019537,177.543142459469
2023-01-19 02:00:00,3.2656140839490346,139.4935506948304
2023-01-19 03:00:00,4.551981530312639,177.543142459469
2023-01-19 04:00:00,8.297645146474537,136.72970985557168
2023-01-19 05:00:00,6.448224222345653,136.15769252166112
2023-01-19 06:00:00,7.380558153535244,163.01137187100045
2023-01-19 07:00:00,5.719459379358366,270.71799869637647
2023-01-19 08:00:00,7.041495937493866,352.58632475808844
2023-01-19 09:00:00,3.5273678315087222,411.2305476036664
2023-01-19 10:00:00,6.877882681822508,461.17385858615273
2023-01-19 11:00:00,5.83610499562626,441.77161922976114
2023-01-19 12:00:00,1.3338720617267779,317.43243490941387
2023-01-19 13:00:00,4.091465097327657,477.3910369290516
2023-01-19 14:00:00,6.275678819630002,349.6698189503808
2023-01-19 15:00:00,2.9734826161928396,305.3392570173622
2023-01-19 16:00:00,4.350737874381674,283.8604642690486
2023-01-19 17:00:00,3.678827407891115,270.7179986963766
2023-01-19 18:00:00,4.957061019001895,132.82925102119458
2023-01-19 19:00:00,4.762927884103458,140.6438660459874
2023-01-19 20:00:00,3.887427581635473,166.21586766807255
2023-01-19 21:00:00,5.95500279396851,120.93369274061543
2023-01-19 22:00:00,2.729901281294487,144.23291123263553
2023-01-19 23:00:00,6.319537865937518,159.3045876696027
2023-01-20 00:00:00,5.703270539962035,172.70361499247335
2023-01-20 01:00:00,5.1378701305461085,121.07958254004807
2023-01-20 02:00:00,5.607625333033466,157.80472757365123
2023-01-20 03:00:00,6.735440358260248,154.15399367894193
2023-01-20 04:00:00,7.527858758484243,168.16109806219492
2023-01-20 05:00:00,6.6347327684932855,178.1689950041422
2023-01-20 06:00:00,5.634019279266664,91.76116799673315
2023-01-20 07:00:00,6.431513525534042,260.2474998098575
2023-01-20 08:00:00,6.706166128478736,333.0195342250798
2023-01-20 09:00:00,7.380287965861214,325.00241666551716
2023-01-20 10:00:00,4.706215407901398,464.6419752052399
2023-01-20 11:00:00,5.091406178984659,525.9022924682067
2023-01-20 12:00:00,4.247090815338474,434.30120201363445
2023-01-20 13:00:00,7.812749474329465,319.9097710946385
2023-01-20 14:00:00,4.651540474993027,422.443351161181
2023-01-20 15:00:00,6.366808258042689,432.72743623129935
2023-01-20 16:00:00,2.6472378274321597,330.1819078920329
2023-01-20 17:00:00,3.953882820250291,197.95569063477967
2023-01-20 18:00:00,2.8996521554055468,156.4546688398019
2023-01-20 19:00:00,2.3193751960676474,114.16233578666747
2023-01-20 20:00:00,2.310982302485715,176.3578052434657
2023-01-20 21:00:00,3.30541969599094,106.12745750342036
2023-01-20 22:00:00,3.7074642271196803,62.53312858746567
2023-01-20 23:00:00,5.773276792009579,65.58648924929649
2023-01-21 00:00:00,4.563251575351715,109.72825860100883
2023-01-21 01:00:00,8.099262077665676,168.3386886545856
2023-01-21 02:00:00,5.856455526162393,178.813169410018
2023-01-21 03:00:00,8.098702831811183,159.36778971597283
2023-01-21 04:00:00,6.909851853419732,132.72239284669163
2023-01-21 05:00:00,6.937317963119925,178.813169410018
2023-01-21 06:00:00,7.472360544589671,172.61967265850132
2023-01-21 07:00:00,6.5464962018614985,220.25010749795305
2023-01-21 08:00:00,7.542190829156741,262.8756373743707
2023-01-21 09:00:00,8.223064652399692,365.2724388302933
2023-01-21 10:00:00,6.11333233942042,490.5823147724159
2023-01-21 11:00:00,4.162827049079518,526.5464668740825
2023-01-21 12:00:00,5.834430353893165,416.30874145315323
2023-01-21 13:00:00,3.150613290811217,526.5464668740825
2023-01-21 14:00:00,5.431992220563143,304.19193265726057
2023-01-21 15:00:00,2.883290467606431,345.5199316039068
2023-01-21 16:00:00,5.367139733243719,227.6358154936729
2023-01-21 17:00:00,1.6818173251225197,187.90546900005253
2023-01-21 18:00:00,6.17609756085778,178.81316941001805
2023-01-21 19:00:00,5.892677050420442,112.85736203423224
2023-01-21 20:00:00,5.941086312856045,149.5060619643722
2023-01-21 21:00:00,5.4528517924382065,146.27522106361917
2023-01-21 22:00:00,4.733274582248813,178.813169410018
2023-01-21 23:00:00,5.155834843279987,124.83935515157798
2023-01-22 00:00:00,9.613505285152343,160.04587735527642
2023-01-22 01:00:00,7.431600838126624,179.47547479431753
2023-01-22 02:00:00,8.359960343583655,122.6521603589514
2023-01-22 03:00:00,6.144123036674941,173.39159677986848
2023-01-22 04:00:00,9.069434808422606,153.78342195579845
2023-01-22 05:00:00,8.105035220533566,137.14280754711362
2023-01-22 06:00:00,8.585438595925346,150.15169727698418
2023-01-22 07:00:00,6.7274567574574,191.6212097881659
2023-01-22 08:00:00,6.707934881602004,351.2072806999703
2023-01-22 09:00:00,5.195139884071643,354.74977667982654
2023-01-22 10:00:00,5.406327247996623,422.81461822327094
2023-01-22 11:00:00,3.2752105204812247,527.208772258382
2023-01-22 12:00:00,7.393167221118556,304.85130517610054
2023-01-22 13:00:00,6.392121275646616,428.1154909241393
2023-01-22 14:00:00,6.456853792521454,461.3454385901829
2023-01-22 15:00:00,1.0562022836268135,316.2569714369346
2023-01-22 16:00:00,3.889772836990732,300.24770772757296
2023-01-22 17:00:00,4.893951928416601,214.96979107473072
2023-01-22 18:00:00,4.256335454145856,175.17934077436004
2023-01-22 19:00:00,3.870839049923813,155.89149969014818
2023-01-22 20:00:00,4.035923374121692,135.6238956940199
2023-01-22 21:00:00,5.041641484325958,178.2364179957549
2023-01-22 22:00:00,6.00652775174542,104.23978721569421
2023-01-22 23:00:00,5.894992867491652,130.3879312326099
2023-01-23 00:00:00,5.863476398993281,155.50870352677106
2023-01-23 01:00:00,7.431183363615292,175.10659241058733
2023-01-23 02:00:00,8.837611618862889,177.45214979716914
2023-01-23 03:00:00,8.662358828489035,164.0376583660853
2023-01-23 04:00:00,7.6995889752447075,137.86282298991347
2023-01-23 05:00:00,8.146471200293458,158.9841665399116
2023-01-23 06:00:00,7.266920788974188,140.07097219384337
2023-01-23 07:00:00,6.869108863145391,273.33057113856927
2023-01-23 08:00:00,7.585675291047251,307.0524504671543
2023-01-23 09:00:00,7.448820051168903,398.93996739960915
2023-01-23 10:00:00,5.430305229399593,491.92486026405976
2023-01-23 11:00:00,7.854862759568255,527.8890123657264
2023-01-23 12:00:00,3.906317631558855,540.1557149016618
2023-01-23 13:00:00,1.9095948948898585,527.8890123657264
2023-01-23 14:00:00,6.736949013467298,366.5309062048368
2023-01-23 15:00:00,5.086942009347709,375.7184397972987
2023-01-23 16:00:00,6.032777871140033,316.6946708386396
2023-01-23 17:00:00,4.220861492870206,214.5131293565349
2023-01-23 18:00:00,3.9755857558309846,135.65539601121316
2023-01-23 19:00:00,4.7639865894187166,165.6348323285198
2023-01-23 20:00:00,1.57685472453654,102.1928465407757
2023-01-23 21:00:00,2.4392662754072365,127.4981822775085
2023-01-23 22:00:00,5.6709814873526945,180.15571490166184
2023-01-23 23:00:00,6.164179142037365,170.7091547036012
2023-01-24 00:00:00,5.550803288046235,155.44422783537934
2023-01-24 01:00:00,8.155857850514986,115.5224646140402
2023-01-24 02:00:00,10.007667415760569,133.75539122505225
2023-01-24 03:00:00,5.368504230426858,148.41124707993313
2023-01-24 04:00:00,8.097973967520893,161.18349003961356
2023-01-24 05:00:00,5.692990080917276,111.97196293935777
2023-01-24 06:00:00,5.840551607339658,127.77985996803532
2023-01-24 07:00:00,6.553625018163148,274.02854439913364
2023-01-24 08:00:00,6.143327165234973,301.20758020287286
2023-01-24 09:00:00,7.404979932017577,272.5871421217659
2023-01-24 10:00:00,6.126937036168862,351.99574516542884
2023-01-24 11:00:00,3.1497078151913165,496.26180123368704
2023-01-24 12:00:00,4.790651668560908,342.4914124615429
2023-01-24 13:00:00,4.7912663663095785,324.92089603084673
2023-01-24 14:00:00,7.019938983388644,392.3506813345916
2023-01-24 15:00:00,8.403707864033295,317.22990347435257
2023-01-24 16:00:00,5.383806123952148,260.03272016268033
2023-01-24 17:00:00,4.69536012687836,200.88918654645806
2023-01-24 18:00:00,4.020523796590828,143.26321119871625
2023-01-24 19:00:00,4.584007620617678,77.72624136115103
2023-01-24 20:00:00,2.9570394176319987,134.2856293906694
2023-01-24 21:00:00,6.929966083157741,162.5038706249138
2023-01-24 22:00:00,5.067382802201707,136.18992119797414
2023-01-24 23:00:00,3.9494734466605546,136.8714753122434
2023-01-25 00:00:00,6.179339354182293,178.7177561141696
2023-01-25 01:00:00,8.644288489283284,181.56918775147003
2023-01-25 02:00:00,5.097462388503036,144.95770485825892
2023-01-25 03:00:00,5.0936415842961935,159.42440172140635
2023-01-25 04:00:00,9.339382019587138,181.56918775147003
2023-01-25 05:00:00,7.177878401848958,171.0948394220309
2023-01-25 06:00:00,9.452139044095247,147.47164910685606
2023-01-25 07:00:00,8.227602010492657,255.2528693058082
2023-01-25 08:00:00,8.700575059224946,321.52288980237296
2023-01-25 09:00:00,8.870521390289495,373.942207904475
2023-01-25 10:00:00,3.244758957509296,493.3383331138679
2023-01-25 11:00:00,3.3623988348609717,440.96748675811017
2023-01-25 12:00:00,5.152357707325106,541.56918775147
2023-01-25 13:00:00,4.60115680464753,317.79382739129005
2023-01-25 14:00:00,5.735939953241797,423.08312377634405
2023-01-25 15:00:00,6.374915509874331,417.28464446733153
2023-01-25 16:00:00,6.484915297005385,299.656466165529
2023-01-25 17:00:00,2.5662616181234377,235.09527180938815
2023-01-25 18:00:00,0.46646368316264564,151.83612415071514
2023-01-25 19:00:00,5.572261578804757,169.32833421541002
2023-01-25 20:00:00,4.495004748584634,107.94451562026076
2023-01-25 21:00:00,5.546907779239458,162.65805046155782
2023-01-25 22:00:00,4.6131828814065985,124.50341262014665
2023-01-25 23:00:00,3.141353588147113,63.803950464105284
2023-01-26 00:00:00,7.1345566094945845,182.30200165142327
2023-01-26 01:00:00,7.660895758390959,119.8352371497886
2023-01-26 02:00:00,8.084877666203901,155.85401634165444
2023-01-26 03:00:00,7.843380799252715,167.0210735997863
2023-01-26 04:00:00,6.894063005034746,182.30200165142327
2023-01-26 05:00:00,7.265465831994555,119.57786978613815
2023-01-26 06:00:00,8.530374121169693,167.62452594389848
2023-01-26 07:00:00,7.805032002326341,179.14985069550718
2023-01-26 08:00:00,6.887681820061493,317.8448018209137
2023-01-26 09:00:00,6.886101628239487,393.81408506782805
2023-01-26 10:00:00,6.809698094257405,473.102808607468
2023-01-26 11:00:00,5.3025514273937295,503.11360532818134
2023-01-26 12:00:00,6.689630177851254,453.03983786592136
2023-01-26 13:00:00,4.422991711926535,499.7732244309128
2023-01-26 14:00:00,5.452338812993582,335.9378084034432
2023-01-26 15:00:00,5.886262635742947,310.3698314618325
2023-01-26 16:00:00,3.231105644856422,233.49010639889892
2023-01-26 17:00:00,5.336024456399983,188.42547905873624
2023-01-26 18:00:00,4.236701310889377,151.1623837903101
2023-01-26 19:00:00,3.053134687570452,170.86693950301273
2023-01-26 20:00:00,4.203389460050189,177.16038639496105
2023-01-26 21:00:00,7.694921751255618,148.9271105033251
2023-01-26 22:00:00,6.029053170793617,120.218526070269
2023-01-26 23:00:00,4.797699295248126,114.97020713228082
2023-01-27 00:00:00,5.263755575345714,141.65835374762318
2023-01-27 01:00:00,6.3418194548335185,155.98124044982856
2023-01-27 02:00:00,8.130645284917891,183.05191271351205
2023-01-27 03:00:00,6.328741315631924,159.43460290758694
2023-01-27 04:00:00,6.989040801016758,153.2996627670369
2023-01-27 05:00:00,7.00794680061499,128.74831168590913
2023-01-27 06:00:00,8.507671530456147,170.3046620483223
2023-01-27 07:00:00,7.799660147760478,276.2267689504195
2023-01-27 08:00:00,7.886358798453405,289.80850719149527
2023-01-27 09:00:00,4.808292983930022,437.6103539406692
2023-01-27 10:00:00,4.89468681795503,420.10041600643535
2023-01-27 11:00:00,7.072393306220589,394.2198638527314
2023-01-27 12:00:00,4.8990237501833045,319.2346569411649
2023-01-27 13:00:00,2.8199022152341424,495.76003049928755
2023-01-27 14:00:00,7.206559970069193,411.40367475764344
2023-01-27 15:00:00,5.245977751523666,280.4643214615843
2023-01-27 16:00:00,6.006525915560494,344.14040129394425
2023-01-27 17:00:00,5.418664547399373,246.44167580795815
2023-01-27 18:00:00,7.397447180555488,115.8855382585337
2023-01-27 19:00:00,5.173894690649441,173.2888901078102
2023-01-27 20:00:00,5.819458648434211,141.95078437386945
2023-01-27 21:00:00,3.856963395197093,154.77198194118697
2023-01-27 22:00:00,6.449538590147171,115.7607777999472
2023-01-27 23:00:00,3.3004360226800524,183.05191271351205
2023-01-28 00:00:00,3.5441894072991103,156.81048048153343
2023-01-28 01:00:00,6.959276902890351,179.33969843050522
2023-01-28 02:00:00,8.484846229067218,183.81869872290417
2023-01-28 03:00:00,4.839272417364798,156.61664130948444
2023-01-28 04:00:00,6.857333309760978,177.1927283921512
2023-01-28 05:00:00,6.795493779520281,121.51724762116444
2023-01-28 06:00:00,6.874477672331127,128.40798945731325
2023-01-28 07:00:00,7.204673194232442,276.9935549598116
2023-01-28 08:00:00,6.217644090760036,286.0132130720446
2023-01-28 09:00:00,8.021606002605768,412.99039252939906
2023-01-28 10:00:00,8.516824390037085,326.96870734563703
2023-01-28 11:00:00,7.170439526726545,531.5519961869687
2023-01-28 12:00:00,7.048586564616805,506.0836194134512
2023-01-28 13:00:00,4.804530564839169,464.1368246241514
2023-01-28 14:00:00,6.799868918418142,430.3980267525604
2023-01-28 15:00:00,4.269456743912425,438.3771399500613
2023-01-28 16:00:00,5.373744054346385,269.3348176140122
2023-01-28 17:00:00,4.793020408524966,276.9935549598118
2023-01-28 18:00:00,5.5578210500351215,117.77095581784148
2023-01-28 19:00:00,6.491354303172053,178.4507291926244
2023-01-28 20:00:00,5.404276154625406,183.81869872290417
2023-01-28 21:00:00,7.078542426049776,183.81869872290417
2023-01-28 22:00:00,4.3444797965247846,149.82021276447674
2023-01-28 23:00:00,4.317050020306096,159.07316816565105
2023-01-29 00:00:00,7.124075441275063,180.45312070538523
2023-01-29 01:00:00,6.139785726723259,85.19237160871778
2023-01-29 02:00:00,8.90039663570277,184.6021324643565
2023-01-29 03:00:00,6.58579216537871,154.89246017440695
2023-01-29 04:00:00,5.6690218296348505,180.0039013921049
2023-01-29 05:00:00,7.489675578516164,152.35757295100123
2023-01-29 06:00:00,9.223046292535148,161.05779520351456
2023-01-29 07:00:00,9.030836666946602,277.776988701264
2023-01-29 08:00:00,10.70933780395654,243.4883045088946
2023-01-29 09:00:00,8.670837998284412,316.74219731076795
2023-01-29 10:00:00,6.945177815011783,496.37127782675435
2023-01-29 11:00:00,6.936378753187443,532.335429928421
2023-01-29 12:00:00,8.029851777135857,302.8205369204869
2023-01-29 13:00:00,4.903727954527033,412.1291693748692
2023-01-29 14:00:00,3.869874319565298,308.3970720553333
2023-01-29 15:00:00,3.824700407752899,291.8713394011088
2023-01-29 16:00:00,6.386151370871731,342.31482308582594
2023-01-29 17:00:00,7.134517145912873,277.77698870126403
2023-01-29 18:00:00,3.5820483375965297,130.0702017731014
2023-01-29 19:00:00,6.494944741754049,184.6021324643565
2023-01-29 20:00:00,3.7397042842316672,157.9799388788276
2023-01-29 21:00:00,3.213380183110466,134.19900180488295
2023-01-29 22:00:00,6.530865793418297,128.81754561526128
2023-01-29 23:00:00,7.341304805412898,180.55501941061135
2023-01-30 00:00:00,4.68281028465154,85.96353033926304
2023-01-30 01:00:00,7.93326762183322,165.8057774511306
2023-01-30 02:00:00,6.260565411025029,161.58496015087744
2023-01-30 03:00:00,7.826509513114429,117.1867863382757
2023-01-30 04:00:00,8.6085721284417,185.4019817895435
2023-01-30 05:00:00,9.514226343358633,185.4019817895435
2023-01-30 06:00:00,4.469411127624155,185.4019817895435
2023-01-30 07:00:00,8.946096848086796,250.19402704724885
2023-01-30 08:00:00,10.615967016045811,365.40198178954347
2023-01-30 09:00:00,6.84511256810022,262.48224797234616
2023-01-30 10:00:00,6.275303323039125,497.1711271519414
2023-01-30 11:00:00,4.719600407514099,311.63920745876027
2023-01-30 12:00:00,7.695776036125971,500.74379378728423
2023-01-30 13:00:00,5.4735852162168355,347.3309496384648
2023-01-30 14:00:00,3.8110473557981095,470.8922542248442
2023-01-30 15:00:00,2.5020940217401213,369.13059071156545
2023-01-30 16:00:00,4.259714126925666,162.40139094643806
2023-01-30 17:00:00,5.300482237881738,273.1062316614557
2023-01-30 18:00:00,5.708065368191198,140.5970761445145
2023-01-30 19:00:00,3.7115495827598632,150.4263046268619
2023-01-30 20:00:00,4.178415060528349,140.4144909251387
2023-01-30 21:00:00,6.424238169369838,116.56295433371871
2023-01-30 22:00:00,3.400781191036098,156.79646185608982
2023-01-30 23:00:00,2.7137130719949116,132.2260657938697
2023-01-31 00:00:00,7.209900285519965,159.57823227632363
2023-01-31 01:00:00,4.408049974851082,166.60004687542818
2023-01-31 02:00:00,7.423354622717615,147.5602112025876
2023-01-31 03:00:00,5.721212320846645,183.67089563602028
2023-01-31 04:00:00,6.567378047130821,125.30901449992751
2023-01-31 05:00:00,5.660802997662332,108.27269261381655
2023-01-31 06:00:00,4.91895866994419,135.56407786712222
2023-01-31 07:00:00,5.1369220227181875,204.2610567327642
2023-01-31 08:00:00,8.128222824026611,320.1509613252273
2023-01-31 09:00:00,8.556327972580519,338.7897716744026
2023-01-31 10:00:00,5.572723280561107,479.70655652838917
2023-01-31 11:00:00,6.128385842288102,473.1527923652556
2023-01-31 12:00:00,8.647269782920691,546.2180096858481
2023-01-31 13:00:00,4.454488623026225,385.341683004863
2023-01-31 14:00:00,4.201980389377653,285.7320234065272
2023-01-31 15:00:00,4.214637926430882,355.1284206888065
2023-01-31 16:00:00,4.446233733615945,340.9887361717307
2023-01-31 17:00:00,5.348026003331573,279.3928659227556
2023-01-31 18:00:00,4.974538514280648,133.28516596365952
2023-01-31 19:00:00,5.322399230596826,144.86456450059637
2023-01-31 20:00:00,5.558496526780099,156.55882154288113
2023-01-31 21:00:00,5.124813900742919,135.45029063514147
2023-01-31 22:00:00,7.248332302190244,107.05254042890155
2023-01-31 23:00:00,8.364381386551997,129.06121375328286
2023-02-01 00:00:00,6.544739034393944,149.49824922010296
2023-02-01 01:00:00,7.2383071295326,100.48389617618443
2023-02-01 02:00:00,8.452018873329894,160.83293308276603
2023-02-01 03:00:00,9.231849297495952,109.2384045720284
2023-02-01 04:00:00,8.404426780628839,128.2780627586866
2023-02-01 05:00:00,7.060995338940264,118.65929114527478
2023-02-01 06:00:00,6.781270303477811,169.7491460930383
2023-02-01 07:00:00,9.018071224680904,227.1996741600099
2023-02-01 08:00:00,9.571244621594687,367.049974346593
2023-02-01 09:00:00,9.647645782760586,396.6176679234831
2023-02-01 10:00:00,7.08906492756811,419.9014275791872
2023-02-01 11:00:00,6.398355795520233,473.43330762414047
2023-02-01 12:00:00,8.611544766189297,547.049974346593
2023-02-01 13:00:00,0.8965106236204443,418.67686608422673
2023-02-01 14:00:00,7.707876942137316,424.7893412360451
2023-02-01 15:00:00,4.57556211465136,292.0451185453815
2023-02-01 16:00:00,4.714827962346578,323.6757385119664
2023-02-01 17:00:00,3.8823511312618755,248.4073534817669
2023-02-01 18:00:00,3.7866602688424145,187.04997434659305
2023-02-01 19:00:00,6.093284857773959,115.75483625159679
2023-02-01 20:00:00,3.893460174393185,173.56000612877764
2023-02-01 21:00:00,0.0,162.5558143291048
2023-02-01 22:00:00,5.322765923447444,141.59525671350147
2023-02-01 23:00:00,4.078355185661778,155.03794013740378
2023-02-02 00:00:00,7.947776396845478,187.8976292426943
2023-02-02 01:00:00,6.177579127302809,153.49515231850737
2023-02-02 02:00:00,7.883215988321506,160.4963572120464
2023-02-02 03:00:00,8.148575224190564,144.73078223503936
2023-02-02 04:00:00,8.277276411700926,164.36925368524112
2023-02-02 05:00:00,8.626683648217018,128.00007364288183
2023-02-02 06:00:00,5.724344234114529,187.45724538192025
2023-02-02 07:00:00,8.590384959708777,260.3001592180349
2023-02-02 08:00:00,7.068795172542703,239.71296864468547
2023-02-02 09:00:00,5.2654047295074164,440.42591815197886
2023-02-02 10:00:00,8.710390566417495,499.6667746050922
2023-02-02 11:00:00,6.816437779741211,410.4691373069919
2023-02-02 12:00:00,5.683373908972406,364.67734544786856
2023-02-02 13:00:00,3.7557779392359767,435.18272444781235
2023-02-02 14:00:00,7.179660708200943,499.6667746050922
2023-02-02 15:00:00,4.659531864364419,314.2196712320209
2023-02-02 16:00:00,3.7793109851139484,355.586847877779
2023-02-02 17:00:00,3.9008955601568607,196.60042203614486
2023-02-02 18:00:00,4.627464918160226,185.28862328207487
2023-02-02 19:00:00,4.333912916946123,125.70754419404517
2023-02-02 20:00:00,4.034444710056172,141.41800259693952
2023-02-02 21:00:00,5.034685192014518,162.5869176835837
2023-02-02 22:00:00,3.593224490166038,141.00720654082113
2023-02-02 23:00:00,8.112149710783324,157.4027614074096
2023-02-03 00:00:00,5.617487997140763,175.04992581382842
2023-02-03 01:00:00,5.8891032956012275,188.33362792207637
2023-02-03 02:00:00,6.6934752775802435,172.78835136885027
2023-02-03 03:00:00,5.859908804445663,179.14348594926892
2023-02-03 04:00:00,10.385900667356758,140.0255676417995
2023-02-03 05:00:00,9.171004522116139,115.0314716862363
2023-02-03 06:00:00,4.936545948823747,154.2053646152803
2023-02-03 07:00:00,6.7055804643663475,268.33627819803434
2023-02-03 08:00:00,9.03629655625895,272.81195687760953
2023-02-03 09:00:00,7.387814240395341,443.31916442286933
2023-02-03 10:00:00,7.261024334687143,477.0997182325454
2023-02-03 11:00:00,4.991775413453002,284.6982070549328
2023-02-03 12:00:00,8.346696386325842,470.48500291418395
2023-02-03 13:00:00,3.8946713260189156,536.4940206597768
2023-02-03 14:00:00,4.728946271030972,324.2027326550507
2023-02-03 15:00:00,5.22724282409849,381.9141421536439
2023-02-03 16:00:00,4.448570432787173,243.54260666904304
2023-02-03 17:00:00,3.65504112140062,197.80098572871964
2023-02-03 18:00:00,3.7145268697557006,136.67856887671715
2023-02-03 19:00:00,4.494726656990126,173.07776380382973
2023-02-03 20:00:00,4.37045719761753,113.84077915667874
2023-02-03 21:00:00,4.280880380065217,188.76072319571222
2023-02-03 22:00:00,6.954740053392742,107.90504895579039
2023-02-03 23:00:00,7.343431613270798,161.52928198356827
2023-02-04 00:00:00,4.4513580705036215,148.57264589563724
2023-02-04 01:00:00,5.509906911099762,161.9024646610518
2023-02-04 02:00:00,5.643229372731613,176.18546027309387
2023-02-04 03:00:00,7.22345791165547,189.6390004522814
2023-02-04 04:00:00,5.292624150276279,149.27752217196948
2023-02-04 05:00:00,9.88264605188923,170.1898061668636
2023-02-04 06:00:00,8.812624701518539,143.73564578563767
2023-02-04 07:00:00,5.764608892851278,181.04163033219794
2023-02-04 08:00:00,7.850697412869052,363.7934875941801
2023-02-04 09:00:00,5.725321391341546,343.9476280134199
2023-02-04 10:00:00,4.24880702946744,294.5566342917024
2023-02-04 11:00:00,6.314205599625383,413.7129668260696
2023-02-04 12:00:00,8.19839043502101,351.3285353801364
2023-02-04 13:00:00,3.988517773732141,436.4078482959166
2023-02-04 14:00:00,5.8290350021272515,245.63220623596368
2023-02-04 15:00:00,3.3401274742573435,405.73772935825355
2023-02-04 16:00:00,4.475565775670339,293.30897639827964
2023-02-04 17:00:00,5.4918401798576175,196.86944021867043
2023-02-04 18:00:00,5.3329698971707895,189.63900045228144
2023-02-04 19:00:00,4.55559048842665,128.61034235864784
2023-02-04 20:00:00,7.947244568953108,101.96416592332561
2023-02-04 21:00:00,4.523190633092724,136.8439515546245
2023-02-04 22:00:00,3.0552165180745328,170.44483754054895
2023-02-04 23:00:00,4.7704441375358755,128.80214948730736
2023-02-05 00:00:00,7.266332619331735,52.360271798215166
2023-02-05 01:00:00,7.119997251084872,148.89967995824503
2023-02-05 02:00:00,5.424252901448291,163.46204408966886
2023-02-05 03:00:00,8.155413515947984,190.53220075989597
2023-02-05 04:00:00,9.120748923111321,187.86571411555596
2023-02-05 05:00:00,6.147641643643808,171.4706578912373
2023-02-05 06:00:00,6.941380027291849,108.24361891576018
2023-02-05 07:00:00,7.271289058805372,283.70705699680343
2023-02-05 08:00:00,7.720050505570823,350.1684831242267
2023-02-05 09:00:00,7.649222431024972,402.9576642842729
2023-02-05 10:00:00,5.685372087223692,462.79188336440797
2023-02-05 11:00:00,5.916579408388291,330.5340664756573
2023-02-05 12:00:00,6.522822487267186,417.89750965217235
2023-02-05 13:00:00,6.602717103660898,538.2654982239604
2023-02-05 14:00:00,4.762651321896501,480.50681574483434
2023-02-05 15:00:00,3.421640959948024,352.4842826869436
2023-02-05 16:00:00,3.7320433176909003,306.3661667752286
2023-02-05 17:00:00,3.613899104115349,265.6552836848542
2023-02-05 18:00:00,4.262036392268718,124.22709330062362
2023-02-05 19:00:00,2.724920722455944,115.30945279811553
2023-02-05 20:00:00,2.6700064600137807,145.05135983517908
2023-02-05 21:00:00,6.208285671760541,123.59534081297225
2023-02-05 22:00:00,4.969944407154682,125.08662859143398
2023-02-05 23:00:00,4.680193089128956,131.548520483306
2023-02-06 00:00:00,4.188493916933216,142.21728583700212
2023-02-06 01:00:00,5.411764624408488,135.63968495355178
2023-02-06 02:00:00,5.243472037633461,144.04587655088838
2023-02-06 03:00:00,6.210661253823434,191.44005944402792
2023-02-06 04:00:00,7.711377286251643,165.8767338211941
2023-02-06 05:00:00,7.6618577372511885,75.72198455201412
2023-02-06 06:00:00,10.05085489076938,170.9975682433342
2023-02-06 07:00:00,9.213946777522821,262.9364332144745
2023-02-06 08:00:00,7.557599505775212,271.9420898019463
2023-02-06 09:00:00,4.384013203101306,406.83397576686866
2023-02-06 10:00:00,5.640475328197892,455.60092415424157
2023-02-06 11:00:00,6.661551230371429,518.723354584414
2023-02-06 12:00:00,6.245303603778506,481.06693259290506
2023-02-06 13:00:00,6.990749513789767,413.5865238597021
2023-02-06 14:00:00,2.2938135625529554,433.3486248268794
2023-02-06 15:00:00,3.5035898365743776,310.8542245554685
2023-02-06 16:00:00,6.135421827783753,355.4034024114563
2023-02-06 17:00:00,5.431704613848342,276.7596677529992
2023-02-06 18:00:00,3.4436395613963318,138.18567326590943
2023-02-06 19:00:00,4.203759934273771,159.5273695300596
2023-02-06 20:00:00,5.140248048092579,158.72410963419134
2023-02-06 21:00:00,5.186454359596717,101.40170732966229
2023-02-06 22:00:00,5.605622941721592,151.2995403071508
2023-02-06 23:00:00,6.241113283109972,191.44005944402792
2023-02-07 00:00:00,7.6810139732895655,192.36230748655595
2023-02-07 01:00:00,5.858478264676506,188.80239652757584
2023-02-07 02:00:00,5.179542703450176,124.98859994561286
2023-02-07 03:00:00,8.98773877457006,159.75457852328415
2023-02-07 04:00:00,8.230102536941448,185.32165231909107
2023-02-07 05:00:00,6.4157972911454,154.7098922285345
2023-02-07 06:00:00,4.86430280674408,192.36230748655595
2023-02-07 07:00:00,7.992532921740302,219.18681003019398
2023-02-07 08:00:00,5.397367943822401,370.54987771625053
2023-02-07 09:00:00,7.035620068475363,348.303766291251
2023-02-07 10:00:00,3.0344090074752375,358.8763675629913
2023-02-07 11:00:00,10.42808943330113,468.0601610004607
2023-02-07 12:00:00,6.314036151700487,473.6250365337808
2023-02-07 13:00:00,5.033434286615473,311.32431158528783
2023-02-07 14:00:00,5.638556904039041,382.15274807242855
2023-02-07 15:00:00,3.81581205765014,326.2720608461374
2023-02-07 16:00:00,6.5628131440687225,333.5166355373776
2023-02-07 17:00:00,4.565292274018071,242.26754264702134
2023-02-07 18:00:00,5.789087278396083,192.36230748655598
2023-02-07 19:00:00,4.162468033548158,149.5799753421646
2023-02-07 20:00:00,2.4863093872801714,119.04178419025457
2023-02-07 21:00:00,3.0374975495269663,184.5987543139328
2023-02-07 22:00:00,4.145756900117699,186.14492880206237
2023-02-07 23:00:00,4.902129613331797,172.10320597822184
2023-02-08 00:00:00,5.311594608343297,157.89703879860136
2023-02-08 01:00:00,5.154301332570586,193.29867160548133
2023-02-08 02:00:00,7.326879203907517,104.57378865587101
2023-02-08 03:00:00,9.416630348995438,106.51928963181288
2023-02-08 04:00:00,5.700659135437233,163.49307030180486
2023-02-08 05:00:00,7.70506794130826,118.81214361725705
2023-02-08 06:00:00,6.3633614408391805,164.41648633874016
2023-02-08 07:00:00,9.503845136002944,286.4735278423888
2023-02-08 08:00:00,5.60382973421221,222.9962013006938
2023-02-08 09:00:00,7.34651720963681,381.41902007241924
2023-02-08 10:00:00,7.353733709169226,491.94040922833904
2023-02-08 11:00:00,4.252280971936139,278.27274600238877
2023-02-08 12:00:00,5.429314825820132,553.2986716054813
2023-02-08 13:00:00,5.297501112690147,541.0319690695459
2023-02-08 14:00:00,4.774883856145402,397.55038251042123
2023-02-08 15:00:00,7.09095034818885,290.7048612006181
2023-02-08 16:00:00,5.895617800612789,347.3886548905522
2023-02-08 17:00:00,5.0826278064727415,286.4735278423889
2023-02-08 18:00:00,7.641395018910654,193.29867160548136
2023-02-08 19:00:00,2.6025941414622964,151.29285581036623
2023-02-08 20:00:00,4.3534426444877266,129.52204801862004
2023-02-08 21:00:00,5.389913701734176,164.87211930029702
2023-02-08 22:00:00,5.28011192753624,166.9118233432953
2023-02-08 23:00:00,5.47234036498475,186.33556156190045
2023-02-09 00:00:00,5.2091519237727635,174.57601273563805
2023-02-09 01:00:00,7.3038490839811745,184.833632124525
2023-02-09 02:00:00,7.286169618771899,194.24887433590723
2023-02-09 03:00:00,7.381589135515332,194.24887433590723
2023-02-09 04:00:00,7.363484009839118,133.29464603704025
2023-02-09 05:00:00,9.98045052497805,194.24887433590723
2023-02-09 06:00:00,7.267171357047126,124.1844471822419
2023-02-09 07:00:00,7.838736114535156,193.75780076593693
2023-02-09 08:00:00,7.2780211504211225,350.01757816615054
2023-02-09 09:00:00,8.580111865679019,285.29328018955204
2023-02-09 10:00:00,7.938396604057843,384.36262263362295
2023-02-09 11:00:00,4.8066164470181025,519.9678400461593
2023-02-09 12:00:00,7.819839397019361,540.4570479050892
2023-02-09 13:00:00,6.246224055069398,242.12778618462036
2023-02-09 14:00:00,6.482115919445689,506.0180196983051
2023-02-09 15:00:00,5.669027164304902,306.5118761767157
2023-02-09 16:00:00,4.1851691872186105,374.2488743359072
2023-02-09 17:00:00,9.379942057856073,287.4237305728148
2023-02-09 18:00:00,2.704692385863731,177.04605682602136
2023-02-09 19:00:00,4.241473826216876,117.71488720058711
2023-02-09 20:00:00,4.496521853541165,156.26122152154886
2023-02-09 21:00:00,4.208917348408988,155.74198658827697
2023-02-09 22:00:00,2.499983483656169,194.24887433590723
2023-02-09 23:00:00,6.581704614421977,194.24887433590723
2023-02-10 00:00:00,3.978655362384639,195.21263411225752
2023-02-10 01:00:00,4.475096448322207,188.01368699391045
2023-02-10 02:00:00,5.6366746169093025,176.28007234487856
2023-02-10 03:00:00,9.389865789632118,138.5487748116457
2023-02-10 04:00:00,9.220807253499409,141.33979537964973
2023-02-10 05:00:00,7.3552585527668715,136.38481741494252
2023-02-10 06:00:00,7.1822847705677875,126.10670497005874
2023-02-10 07:00:00,5.940470792567412,231.88393844686254
2023-02-10 08:00:00,8.13204157197402,337.5849300008009
2023-02-10 09:00:00,9.386880349610832,449.7710753394146
2023-02-10 10:00:00,6.338580212864571,401.80801461847227
2023-02-10 11:00:00,4.694142806408006,417.50360566899025
2023-02-10 12:00:00,4.57155393413434,555.2126341122575
2023-02-10 13:00:00,4.681770007739705,340.2758320320378
2023-02-10 14:00:00,4.198120941695086,495.13972367988754
2023-02-10 15:00:00,4.751011282741661,424.87890530971936
2023-02-10 16:00:00,7.004618214783902,300.3769986520972
2023-02-10 17:00:00,4.280053355133843,236.89496451939226
2023-02-10 18:00:00,3.356182223379898,162.89622931655177
2023-02-10 19:00:00,7.649176294917005,118.13810021958763
2023-02-10 20:00:00,4.697548591860957,131.04495450770472
2023-02-10 21:00:00,5.864402878579011,135.46594452962876
2023-02-10 22:00:00,5.8055766161592794,195.21263411225752
2023-02-10 23:00:00,6.4660286851086495,159.8389175361296
2023-02-11 00:00:00,3.94154467962386,160.1399034391318
2023-02-11 01:00:00,7.101478873951749,117.82231311337206
2023-02-11 02:00:00,5.3014297763402665,172.68696041296235
2023-02-11 03:00:00,8.537873921312748,196.18966535171094
2023-02-11 04:00:00,9.96888505345804,177.40039601248426
2023-02-11 05:00:00,7.105827692659061,147.4337597918561
2023-02-11 06:00:00,7.516043715874604,196.18966535171094
2023-02-11 07:00:00,6.694139554627166,268.7226210870111
2023-02-11 08:00:00,8.666683148825346,329.8618009510915
2023-02-11 09:00:00,6.208282516127792,376.4700700044203
2023-02-11 10:00:00,5.623651669343877,500.9746570525272
2023-02-11 11:00:00,6.774355364024018,430.0993073245186
2023-02-11 12:00:00,6.137973974833716,428.68966355538856
2023-02-11 13:00:00,4.777336635235645,314.18060038922584
2023-02-11 14:00:00,6.636069492912583,383.45520368173
2023-02-11 15:00:00,5.823126276620251,388.36474725674475
2023-02-11 16:00:00,5.134299074784953,221.12231125959843
2023-02-11 17:00:00,6.620076090045735,210.799184256309
2023-02-11 18:00:00,7.721116953661461,189.54041440527982
2023-02-11 19:00:00,4.825367448816151,179.84418666526082
2023-02-11 20:00:00,4.68891977203926,144.7311129938954
2023-02-11 21:00:00,6.491978098148447,136.20420785386136
2023-02-11 22:00:00,3.2825344556124016,144.09081130500527
2023-02-11 23:00:00,4.424935147115866,144.28021298305194
2023-02-12 00:00:00,8.344689061437727,138.15933884096123
2023-02-12 01:00:00,7.284251803922617,194.0890420354298
2023-02-12 02:00:00,5.306736764084367,164.98338008408973
2023-02-12 03:00:00,5.7398281382678356,175.0117573020257
2023-02-12 04:00:00,7.16942977740627,145.61633600314474
2023-02-12 05:00:00,6.847616709476114,177.8993051731284
2023-02-12 06:00:00,8.084569562040084,174.27420454094678
2023-02-12 07:00:00,7.04783237259675,233.37336202722818
2023-02-12 08:00:00,6.599824658622069,342.63531272739516
2023-02-12 09:00:00,8.839820135148107,360.0243450724344
2023-02-12 10:00:00,5.16347656284957,228.4665713434208
2023-02-12 11:00:00,7.282773092099784,441.0300309488325
2023-02-12 12:00:00,7.519196373838492,480.21825964054653
2023-02-12 13:00:00,4.559062248167927,527.0933463986233
2023-02-12 14:00:00,4.2425002731935795,485.76580999640464
2023-02-12 15:00:00,8.065884103314605,391.9775391089696
2023-02-12 16:00:00,4.6295837148235375,328.9003816768141
2023-02-12 17:00:00,3.636951903666523,290.35453477573265
2023-02-12 18:00:00,6.1949898011075355,78.47673630702474
2023-02-12 19:00:00,5.791580423645948,175.02337575432907
2023-02-12 20:00:00,4.749870988683566,197.17967853882504
2023-02-12 21:00:00,5.1633190152348245,116.22581131232103
2023-02-12 22:00:00,3.9685903273110785,186.97816626556013
2023-02-12 23:00:00,6.242690627642581,188.35647948460897
2023-02-13 00:00:00,4.63301873067222,198.18238031132634
2023-02-13 01:00:00,8.329267364285846,193.26775577833303
2023-02-13 02:00:00,5.929645964317366,152.36836345077413
2023-02-13 03:00:00,8.407235696454961,154.69548298843384
2023-02-13 04:00:00,7.449353454763698,132.4454347152151
2023-02-13 05:00:00,8.183368192319584,198.18238031132634
2023-02-13 06:00:00,6.9729834858481,140.82147661119342
2023-02-13 07:00:00,6.4309333584282005,261.60226530043536
2023-02-13 08:00:00,9.120177343013303,378.18238031132626
2023-02-13 09:00:00,6.188393040619033,452.74082153848343
2023-02-13 10:00:00,7.564104633560227,310.28172000599653
2023-02-13 11:00:00,7.538355634624479,517.1270874986944
2023-02-13 12:00:00,5.425405856947,459.3998952206988
2023-02-13 13:00:00,5.616616527204394,501.7027353833732
2023-02-13 14:00:00,5.868932749063369,430.1228183799183
2023-02-13 15:00:00,5.033270182699596,428.11687109389953
2023-02-13 16:00:00,4.786027003650514,280.94896688763964
2023-02-13 17:00:00,2.6682547481091294,201.89434821859612
2023-02-13 18:00:00,6.770836305755568,167.77514371368602
2023-02-13 19:00:00,4.134568113683597,178.88002792724137
2023-02-13 20:00:00,5.23950222397377,145.0436889991336
2023-02-13 21:00:00,4.470705852834353,187.03134880652811
2023-02-13 22:00:00,5.20244486090453,121.10084555571865
2023-02-13 23:00:00,7.1893117115410305,173.23593689465517
2023-02-14 00:00:00,7.7592640297487145,154.04996185671567
2023-02-14 01:00:00,3.085090386553805,157.89049985980643
2023-02-14 02:00:00,4.177370616833974,151.91400187512858
2023-02-14 03:00:00,9.025035996935223,199.1974735470395
2023-02-14 04:00:00,6.0055038759793264,135.747712932866
2023-02-14 05:00:00,8.37056310014803,176.9240523858817
2023-02-14 06:00:00,7.171403879089299,149.9537322242451
2023-02-14 07:00:00,8.802256518661837,292.372329783947
2023-02-14 08:00:00,8.481185103001806,356.284253910011
2023-02-14 09:00:00,5.908548069248252,397.02291133584606
2023-02-14 10:00:00,6.785320953033057,189.1902833303157
2023-02-14 11:00:00,7.524822454647323,266.614309530598
2023-02-14 12:00:00,7.142027561257167,522.7711843099213
2023-02-14 13:00:00,6.650231487247691,378.78463035416155
2023-02-14 14:00:00,4.428267122632046,429.4496302056815
2023-02-14 15:00:00,3.984277097024182,404.19946964187534
2023-02-14 16:00:00,5.716063081122912,233.87449987993804
2023-02-14 17:00:00,6.191912821336881,258.8201868580127
2023-02-14 18:00:00,4.922480842794817,181.18497013832874
2023-02-14 19:00:00,5.726192974691301,155.94979048807454
2023-02-14 20:00:00,7.460309776161926,164.89080985279335
2023-02-14 21:00:00,4.154917332191847,139.9583348356153
2023-02-14 22:00:00,4.225895379228576,192.5585099950661
2023-02-14 23:00:00,6.477497811538177,123.95468370770065
2023-02-15 00:00:00,6.461999636177493,130.15339489127294
2023-02-15 01:00:00,6.801162536386538,159.2941569770639
2023-02-15 02:00:00,8.057858082426392,146.55524497452035
2023-02-15 03:00:00,7.877010984673116,186.6682917231576
2023-02-15 04:00:00,8.063863996867992,104.4720576703247
2023-02-15 05:00:00,9.097570060131105,182.71253763719236
2023-02-15 06:00:00,10.787139413963681,136.48344519462333
2023-02-15 07:00:00,8.688070706232196,293.3995136888388
2023-02-15 08:00:00,9.232374426329184,380.2246574519313
2023-02-15 09:00:00,9.281841847775883,454.7830986790885
2023-02-15 10:00:00,6.642663226254314,348.13260415053253
2023-02-15 11:00:00,2.816298729140282,429.14394292824755
2023-02-15 12:00:00,4.596964641980158,503.73582683983
2023-02-15 13:00:00,7.906333819345571,438.00763041421567
2023-02-15 14:00:00,6.350326116928095,511.9938028143293
2023-02-15 15:00:00,7.0573200154505855,331.91903138289365
2023-02-15 16:00:00,5.830864076078844,380.2246574519313
2023-02-15 17:00:00,3.1827947692683614,229.7862177441249
2023-02-15 18:00:00,4.335278288986576,189.04571512636636
2023-02-15 19:00:00,3.4231825483654377,165.8551336234496
2023-02-15 20:00:00,2.912967080810423,124.1386085912839
2023-02-15 21:00:00,4.360252972173039,164.15411007896236
2023-02-15 22:00:00,4.369088268901148,167.04912575326134
2023-02-15 23:00:00,8.341147927579904,132.8278054275306
2023-02-16 00:00:00,6.8222501681099645,201.2636276492424
2023-02-16 01:00:00,6.5470810524913645,118.24630041790272
2023-02-16 02:00:00,5.767196428732678,126.04695260386772
2023-02-16 03:00:00,6.597200794005735,156.32804019805656
2023-02-16 04:00:00,8.587218275255523,161.47808792558496
2023-02-16 05:00:00,7.6010954577554655,200.08655919306105
2023-02-16 06:00:00,8.420865805207843,201.2636276492424
2023-02-16 07:00:00,7.250632644695497,244.83294976536152
2023-02-16 08:00:00,10.37472702439672,256.56707556052066
2023-02-16 09:00:00,10.857477365907346,337.6513716015608
2023-02-16 10:00:00,9.023465634234817,482.02758374967544
2023-02-16 11:00:00,7.360894882727499,410.00945431938396
2023-02-16 12:00:00,3.4157463442751106,414.2077457887495
2023-02-16 13:00:00,6.69161190597817,486.66239379380215
2023-02-16 14:00:00,4.612034757517251,513.0327730116403
2023-02-16 15:00:00,3.1012327374410473,334.1951167932643
2023-02-16 16:00:00,7.619268777463368,304.08304827996704
2023-02-16 17:00:00,2.243761794027809,144.58205984252845
2023-02-16 18:00:00,6.5513759632566835,116.46802998877904
2023-02-16 19:00:00,3.906519855524256,149.1032368675226
2023-02-16 20:00:00,2.8970823823833247,130.94421615300308
2023-02-16 21:00:00,4.196866315119305,189.54795235680052
2023-02-16 22:00:00,6.150463299909965,201.2636276492424
2023-02-16 23:00:00,8.243331840271336,177.75678505983944
2023-02-17 00:00:00,4.618444127156831,145.13600240428372
2023-02-17 01:00:00,4.841985337538244,169.79589133865284
2023-02-17 02:00:00,8.177201141602373,202.31407626968038
2023-02-17 03:00:00,5.80004205068526,202.31407626968038
2023-02-17 04:00:00,5.197785964081052,140.8560597816442
2023-02-17 05:00:00,9.637304560034906,170.27924555319234
2023-02-17 06:00:00,4.509524995590034,132.22802873539374
2023-02-17 07:00:00,8.826680609151591,242.1889610118088
2023-02-17 08:00:00,7.701840788080315,354.44156061501013
2023-02-17 09:00:00,9.074176310165548,365.6544451908284
2023-02-17 10:00:00,8.723508136964124,387.21907444316804
2023-02-17 11:00:00,8.177015455246991,550.0473737337448
2023-02-17 12:00:00,6.73950361732163,519.6550287903195
2023-02-17 13:00:00,4.314322711057024,512.4432079347736
2023-02-17 14:00:00,5.556615802751482,452.8047492156785
2023-02-17 15:00:00,6.464135061337254,339.3204802309875
2023-02-17 16:00:00,4.473478857608872,329.47093238535575
2023-02-17 17:00:00,2.771372359481522,146.5076218953748
2023-02-17 18:00:00,6.044216579440375,188.45486797410547
2023-02-17 19:00:00,6.171332671049782,189.95798571525705
2023-02-17 20:00:00,4.815290612545259,162.4025818097656
2023-02-17 21:00:00,7.363267778257782,170.68244061311012
2023-02-17 22:00:00,7.487335465785014,192.2329761495258
2023-02-17 23:00:00,4.101061934826385,191.26303609325987
2023-02-18 00:00:00,6.162513410973002,177.0722433605737
2023-02-18 01:00:00,5.700621591623262,187.99795063553273
2023-02-18 02:00:00,8.667183188339722,203.37569204264847
2023-02-18 03:00:00,6.404005803340778,191.29014190623408
2023-02-18 04:00:00,9.839310870308346,134.730243886224
2023-02-18 05:00:00,10.632699443366967,154.82102947895254
2023-02-18 06:00:00,8.981752358176433,203.37569204264847
2023-02-18 07:00:00,8.087465516763555,206.2396988072631
2023-02-18 08:00:00,9.907029959678207,353.3709176534127
2023-02-18 09:00:00,5.912487368759903,450.0261206770859
2023-02-18 10:00:00,8.43042957224173,456.6657620934673
2023-02-18 11:00:00,5.890046041977948,403.36413043584986
2023-02-18 12:00:00,4.857826399802638,502.3547067403601
2023-02-18 13:00:00,4.823251878012637,551.1089895067131
2023-02-18 14:00:00,3.4306197099210776,497.52070140117246
2023-02-18 15:00:00,5.940322770570286,332.7523474090176
2023-02-18 16:00:00,5.774551638366577,383.37569204264844
2023-02-18 17:00:00,4.884958630807589,126.64868169308045
2023-02-18 18:00:00,3.8625155482711877,203.3756920426485
2023-02-18 19:00:00,4.957235552802339,203.37569204264847
2023-02-18 20:00:00,3.622868704663545,164.8482386881806
2023-02-18 21:00:00,6.136383465303829,118.90348314697759
2023-02-18 22:00:00,5.975556162215734,174.93875891918603
2023-02-18 23:00:00,6.186603008596579,203.37569204264847
2023-02-19 00:00:00,8.010319926251732,204.44816038848163
2023-02-19 01:00:00,9.383749765865534,157.82632894845983
2023-02-19 02:00:00,7.360127771865667,184.87973828339122
2023-02-19 03:00:00,9.502780624651033,140.37249622180767
2023-02-19 04:00:00,9.657371650857282,144.80036579122145
2023-02-19 05:00:00,8.681059278075251,107.92967922784761
2023-02-19 06:00:00,7.9792029670474856,159.25984889250296
2023-02-19 07:00:00,8.081447230955552,189.52048111970157
2023-02-19 08:00:00,9.745567766065367,304.26683100072256
2023-02-19 09:00:00,7.161979375718474,350.06850451414505
2023-02-19 10:00:00,6.642172488157571,514.9315544494372
2023-02-19 11:00:00,8.162383877309189,374.4486443105616
2023-02-19 12:00:00,9.279579193047706,389.1741003160861
2023-02-19 13:00:00,8.613051103965372,500.58292609454145
2023-02-19 14:00:00,7.034659974355219,432.7935629226841
2023-02-19 15:00:00,4.671705983580744,361.3653821973532
2023-02-19 16:00:00,6.232581352279576,275.2724475717637
2023-02-19 17:00:00,5.196565331742779,225.43795298631505
2023-02-19 18:00:00,4.311137130532195,184.14615767265593
2023-02-19 19:00:00,7.323063172047764,123.92128706927818
2023-02-19 20:00:00,6.0556007247717645,170.29744383788812
2023-02-19 21:00:00,5.280924745985888,183.15165002893482
2023-02-19 22:00:00,5.792009598950854,187.61081424562397
2023-02-19 23:00:00,5.54427877523764,152.92238395856955
2023-02-20 00:00:00,7.267253606977593,136.7282075028327
2023-02-20 01:00:00,7.612317908243535,167.3617678281024
2023-02-20 02:00:00,7.13422297043123,153.54560771391917
2023-02-20 03:00:00,7.592889885052021,160.34895280090373
2023-02-20 04:00:00,6.7632705612284205,120.49134299213769
2023-02-20 05:00:00,9.613716956822707,205.5311635116632
2023-02-20 06:00:00,10.970162625295082,161.52092153660493
2023-02-20 07:00:00,6.226332138679913,298.70601974857067
2023-02-20 08:00:00,7.242905448318939,385.5311635116632
2023-02-20 09:00:00,8.864849030737307,398.3372668289775
2023-02-20 10:00:00,8.536236188145653,489.5888150545921
2023-02-20 11:00:00,5.38039845466548,499.59516981315915
2023-02-20 12:00:00,6.714385573844764,565.5311635116632
2023-02-20 13:00:00,9.66798855284308,468.6192174613732
2023-02-20 14:00:00,5.968102797442456,424.3962913815285
2023-02-20 15:00:00,6.490703114872695,289.0799420608536
2023-02-20 16:00:00,5.9261163299086075,261.8708689683379
2023-02-20 17:00:00,5.100570777823189,233.0975788289632
2023-02-20 18:00:00,5.088107654134588,193.07969498107988
2023-02-20 19:00:00,6.225245277372001,205.5311635116632
2023-02-20 20:00:00,4.784598081999721,205.5311635116632
2023-02-20 21:00:00,5.736858031346652,129.89690367357733
2023-02-20 22:00:00,5.895969635547775,199.7317887100912
2023-02-20 23:00:00,3.18522977824319,151.64197831386016
2023-02-21 00:00:00,8.905461952024519,187.12171376846607
2023-02-21 01:00:00,7.211816370947432,206.6243804949947
2023-02-21 02:00:00,5.296448292581209,180.0880132334141
2023-02-21 03:00:00,9.29194048248893,161.43166430517837
2023-02-21 04:00:00,7.024861983572218,191.9950754521663
2023-02-21 05:00:00,7.501487179453273,163.8456144152182
2023-02-21 06:00:00,7.5543104324085695,187.47919580153876
2023-02-21 07:00:00,10.762153813996626,263.38767111299177
2023-02-21 08:00:00,9.184753078611852,327.19630823940594
2023-02-21 09:00:00,9.031936981042573,422.21028002180776
2023-02-21 10:00:00,7.565608815775332,352.48967078244897
2023-02-21 11:00:00,7.125123404901723,466.7810563285563
2023-02-21 12:00:00,5.231848226012243,566.6243804949946
2023-02-21 13:00:00,4.580498916649908,417.28421587693384
2023-02-21 14:00:00,3.072165631816204,357.5454636375735
2023-02-21 15:00:00,3.5395153911947124,382.2051441768306
2023-02-21 16:00:00,6.5628970681007415,295.01220495080963
2023-02-21 17:00:00,7.012309467723936,247.7567400227217
2023-02-21 18:00:00,6.751381700652227,169.15183948326722
2023-02-21 19:00:00,4.597468949881815,163.39365205783542
2023-02-21 20:00:00,3.963724841370725,154.3997100323953
2023-02-21 21:00:00,5.963972573536086,133.29552083909502
2023-02-21 22:00:00,6.70737237164865,147.30767259148064
2023-02-21 23:00:00,7.693880440191854,153.21106343159445
2023-02-22 00:00:00,7.128632560427181,190.3928357862902
2023-02-22 01:00:00,3.306755093235033,207.72748739469043
2023-02-22 02:00:00,8.377776731590558,207.72748739469043
2023-02-22 03:00:00,6.858821539656891,165.94011507667312
2023-02-22 04:00:00,12.379521319278258,129.2549354244686
2023-02-22 05:00:00,7.952718406744235,100.75440582307637
2023-02-22 06:00:00,8.402935799852504,207.10161829710574
2023-02-22 07:00:00,5.9063003025355405,215.87588535921432
2023-02-22 08:00:00,7.720025207344083,348.78491874602406
2023-02-22 09:00:00,6.588314819925922,288.6679842618701
2023-02-22 10:00:00,9.948912365188471,519.4966327570883
2023-02-22 11:00:00,5.390678162633157,347.7726158467338
2023-02-22 12:00:00,6.525268105109628,414.05312385074905
2023-02-22 13:00:00,5.142707491610267,360.0278017981752
2023-02-22 14:00:00,5.267660311501753,519.4966327570883
2023-02-22 15:00:00,5.773313803546383,327.90273832112626
2023-02-22 16:00:00,7.95928147613599,307.75277865555773
2023-02-22 17:00:00,6.998861605535224,300.90234363159794
2023-02-22 18:00:00,1.5326546892127908,131.38875944413337
2023-02-22 19:00:00,5.381930448986851,207.72748739469043
2023-02-22 20:00:00,5.965321374631049,159.0353304729234
2023-02-22 21:00:00,1.9967977790370557,169.29133244177865
2023-02-22 22:00:00,2.830387159684756,121.48854182229641
2023-02-22 23:00:00,5.542363327472932,151.5035769918556
2023-02-23 00:00:00,7.436210639717063,116.88980911106106
2023-02-23 01:00:00,7.388659341661295,181.8116446481945
2023-02-23 02:00:00,5.493900170329821,171.3955403547513
2023-02-23 03:00:00,7.342205274863013,204.58579967511673
2023-02-23 04:00:00,7.723472718608142,163.05272870071627
2023-02-23 05:00:00,6.154752495287385,155.94023146708142
2023-02-23 06:00:00,10.299824861663279,139.55972005206212
2023-02-23 07:00:00,8.83753533341065,280.47980662558473
2023-02-23 08:00:00,7.534025145065959,334.0049577928131
2023-02-23 09:00:00,8.163142379010987,323.87077395806006
2023-02-23 10:00:00,7.3277166661026385,328.9224410197393
2023-02-23 11:00:00,7.848745451798141,540.2820188718639
2023-02-23 12:00:00,7.870478319986558,412.6076640756897
2023-02-23 13:00:00,7.7794741680659705,435.1398567511874
2023-02-23 14:00:00,7.9966180592244775,520.6093026987668
2023-02-23 15:00:00,6.054091302567045,327.5902781754301
2023-02-23 16:00:00,3.3662061949671975,293.33910122376653
2023-02-23 17:00:00,4.451959102924499,284.03625629706374
2023-02-23 18:00:00,2.754112987188449,192.17367702905963
2023-02-23 19:00:00,4.75643211624158,176.69313588918166
2023-02-23 20:00:00,9.690476632289784,189.51081806118663
2023-02-23 21:00:00,4.5716956193905345,155.5113488820618
2023-02-23 22:00:00,4.801912906097584,178.69244382980273
2023-02-23 23:00:00,4.139538626008234,208.84015733636895
2023-02-24 00:00:00,7.989562674663797,168.42722590567166
2023-02-24 01:00:00,5.17940621625038,209.9620606119132
2023-02-24 02:00:00,7.932199670682353,126.46415978781089
2023-02-24 03:00:00,8.457287638905981,161.8152361507719
2023-02-24 04:00:00,6.640140619013715,140.34327083231668
2023-02-24 05:00:00,8.764036589566967,191.95468931379312
2023-02-24 06:00:00,7.460074209738988,150.87597781757344
2023-02-24 07:00:00,6.1977163791323555,281.93568488965866
2023-02-24 08:00:00,6.003850994465633,315.337922319211
2023-02-24 09:00:00,5.821979743800405,464.5205018390703
2023-02-24 10:00:00,5.172206159714165,467.05431121576476
2023-02-24 11:00:00,7.965031035385637,544.2660649630778
2023-02-24 12:00:00,7.132465575745248,453.581055187427
2023-02-24 13:00:00,2.9564503108509395,489.62203090454386
2023-02-24 14:00:00,4.827829079798005,521.7312059743111
2023-02-24 15:00:00,9.694871385209611,375.8899182676232
2023-02-24 16:00:00,4.563890993095035,239.84150942515623
2023-02-24 17:00:00,8.136079074627618,303.13691684882076
2023-02-24 18:00:00,6.5543654344010145,146.60740106775512
2023-02-24 19:00:00,5.751018610497886,137.11482684100545
2023-02-24 20:00:00,7.182664153580369,200.60207260298122
2023-02-24 21:00:00,6.90903838503495,171.16189064648063
2023-02-24 22:00:00,9.101574920376837,207.93191399307992
2023-02-24 23:00:00,6.06386617816971,209.9620606119132
2023-02-25 00:00:00,6.3266460481415345,170.43636614163864
2023-02-25 01:00:00,5.3726882187801674,159.59617657358865
2023-02-25 02:00:00,7.926006925414281,203.06942263298907
2023-02-25 03:00:00,7.625128957410601,137.9234883437177
2023-02-25 04:00:00,7.388503519437189,182.49425917552787
2023-02-25 05:00:00,8.526670384398646,161.13034352737262
2023-02-25 06:00:00,8.868795453995174,169.07999304243302
2023-02-25 07:00:00,10.74410507804958,221.1708415205269
2023-02-25 08:00:00,7.742038323923615,191.49267442419276
2023-02-25 09:00:00,7.168727770819009,427.3447933825682
2023-02-25 10:00:00,6.133386442720346,439.3437270344198
2023-02-25 11:00:00,1.7664270410303802,476.87112771867794
2023-02-25 12:00:00,4.074353910678069,564.3984944087307
2023-02-25 13:00:00,5.022256380778388,363.3516824805109
2023-02-25 14:00:00,6.320059572734317,391.3349448913526
2023-02-25 15:00:00,7.309231073304796,396.79941389252036
2023-02-25 16:00:00,7.407587180575996,341.70603001086675
2023-02-25 17:00:00,7.567358726422102,304.2677210140775
2023-02-25 18:00:00,7.137980859594418,188.77419707649406
2023-02-25 19:00:00,3.603290598221613,178.10799652953867
2023-02-25 20:00:00,3.6426702947347978,174.22777726511856
2023-02-25 21:00:00,5.782670331795854,207.46044000451843
2023-02-25 22:00:00,4.7305881460552275,171.12658591200062
2023-02-25 23:00:00,7.875175041402449,211.09286477716995
2023-02-26 00:00:00,4.055822962488795,180.90012041063932
2023-02-26 01:00:00,8.433298247634932,128.14922208742914
2023-02-26 02:00:00,7.513734225738752,212.23223475046026
2023-02-26 03:00:00,6.448763972545972,168.29874683921184
2023-02-26 04:00:00,5.988580463546597,212.23223475046026
2023-02-26 05:00:00,7.18490528183871,172.33450638123475
2023-02-26 06:00:00,8.187341543608934,139.87535971571208
2023-02-26 07:00:00,8.563180050862682,226.97115587438694
2023-02-26 08:00:00,9.296925699398427,251.14873151458178
2023-02-26 09:00:00,9.038708015803065,355.7852223767111
2023-02-26 10:00:00,7.467481982096202,442.2761678988825
2023-02-26 11:00:00,9.508713348539938,436.0036994845372
2023-02-26 12:00:00,5.60139505216675,364.1415059343411
2023-02-26 13:00:00,5.886289212944809,487.4124391103535
2023-02-26 14:00:00,5.546144252076014,524.0013801128581
2023-02-26 15:00:00,5.574200888828627,384.65998942997396
2023-02-26 16:00:00,5.517126573174556,365.5538862470114
2023-02-26 17:00:00,6.017344988375804,199.35678786736585
2023-02-26 18:00:00,4.870260468985778,184.85121733097733
2023-02-26 19:00:00,5.602197390862876,175.7624799217717
2023-02-26 20:00:00,5.441454732136187,164.4695080881798
2023-02-26 21:00:00,5.640710641287996,141.31393190128333
2023-02-26 22:00:00,1.6448018388445984,129.2550388320502
2023-02-26 23:00:00,2.890013305763338,184.11813236906636
2023-02-27 00:00:00,9.362903416354092,155.85996216947976
2023-02-27 01:00:00,7.148775093876963,204.0663448297794
2023-02-27 02:00:00,7.3689739940846115,207.1105899064427
2023-02-27 03:00:00,7.6942196337604685,167.2463218310188
2023-02-27 04:00:00,9.816480485902586,166.32456531184425
2023-02-27 05:00:00,8.305839333662538,128.71717485905597
2023-02-27 06:00:00,8.872373406816763,213.37983291187155
2023-02-27 07:00:00,10.647033409935442,267.3239989009838
2023-02-27 08:00:00,5.203666963387688,300.72102437692797
2023-02-27 09:00:00,5.698902871035957,402.98136298181424
2023-02-27 10:00:00,6.193341545939212,519.2711270587344
2023-02-27 11:00:00,8.322253234210146,410.75850619951467
2023-02-27 12:00:00,7.399887495090363,420.4738895143937
2023-02-27 13:00:00,5.6395015207930195,454.4737757647397
2023-02-27 14:00:00,4.774813492932531,512.3040922329654
2023-02-27 15:00:00,3.928880781633813,377.6212856382897
2023-02-27 16:00:00,5.094953856468723,241.18714047392552
2023-02-27 17:00:00,6.141525470866663,272.8912701255142
2023-02-27 18:00:00,3.134192616330355,181.10820692450292
2023-02-27 19:00:00,3.286436294855154,213.37983291187155
2023-02-27 20:00:00,8.1677790274104,151.3269522029676
2023-02-27 21:00:00,5.394678114635365,147.80064302714908
2023-02-27 22:00:00,7.91983869689785,158.3514654260488
2023-02-27 23:00:00,5.062148552763685,135.5787069268278
2023-02-28 00:00:00,5.059306059418317,197.52876206810683
2023-02-28 01:00:00,8.490478301883861,162.53206886969977
2023-02-28 02:00:00,6.868528212942122,162.48622786094052
2023-02-28 03:00:00,6.359122363640841,214.53531920330124
2023-02-28 04:00:00,9.32214913086187,137.58856918635487
2023-02-28 05:00:00,6.80879293509097,214.53531920330124
2023-02-28 06:00:00,6.141021166047903,195.91775137998619
2023-02-28 07:00:00,8.616523547569036,261.170137037955
2023-02-28 08:00:00,5.8259261567412715,386.8927506125567
2023-02-28 09:00:00,6.845395716562284,427.42373284824623
2023-02-28 10:00:00,7.421573000405514,526.3044645656992
2023-02-28 11:00:00,6.027605696329614,562.2686166673658
2023-02-28 12:00:00,3.905566269963131,574.5353192033012
2023-02-28 13:00:00,8.330835654683922,273.6173177277503
2023-02-28 14:00:00,6.483623893370809,383.8069689599589
2023-02-28 15:00:00,4.809350753913432,333.2470456681261
2023-02-28 16:00:00,4.78547963821296,197.72230086690692
2023-02-28 17:00:00,5.981759923193239,220.49569884520875
2023-02-28 18:00:00,5.0409181439909565,141.63894755596291
2023-02-28 19:00:00,8.88088994219329,201.01286005844966
2023-02-28 20:00:00,5.056282217933739,118.46906321751892
2023-02-28 21:00:00,4.917347613859109,181.78530466736999
2023-02-28 22:00:00,7.143852631228119,214.53531920330124
2023-02-28 23:00:00,5.45064322015243,127.69555517415374
2023-03-01 00:00:00,5.635197166038031,120.57234339544465
2023-03-01 01:00:00,10.21090694065675,147.06191738873324
2023-03-01 02:00:00,4.421636137151438,215.69835122922385
2023-03-01 03:00:00,5.619422947466484,127.17715927306364
2023-03-01 04:00:00,7.839746029224756,208.69383002219098
2023-03-01 05:00:00,6.613785965382867,117.9212191533865
2023-03-01 06:00:00,7.477284165564306,215.69835122922385
2023-03-01 07:00:00,7.947792786375095,193.53360082974805
2023-03-01 08:00:00,10.404273753290294,363.04474439890424
2023-03-01 09:00:00,7.276467538263368,442.5823484138785
2023-03-01 10:00:00,7.231100152363063,527.4674965916217
2023-03-01 11:00:00,5.451036609445701,563.4316486932884
2023-03-01 12:00:00,5.855825673551903,494.9351228017541
2023-03-01 13:00:00,7.792174522793614,397.6523321420038
2023-03-01 14:00:00,7.295322165249947,304.35904193290673
2023-03-01 15:00:00,4.196631689904456,448.274904533029
2023-03-01 16:00:00,4.814097442959799,301.2966859373397
2023-03-01 17:00:00,7.674674477991257,308.8732074661314
2023-03-01 18:00:00,6.483026526323647,208.64654879814918
2023-03-01 19:00:00,5.296296777366799,215.06789051448607
2023-03-01 20:00:00,6.008136964125402,190.82542919825028
2023-03-01 21:00:00,6.063640663624527,150.86109764538182
2023-03-01 22:00:00,5.645980519716994,160.008036206646
2023-03-01 23:00:00,8.584048252661855,141.88379526715164
2023-03-02 00:00:00,5.392879402460095,201.19490300473214
2023-03-02 01:00:00,5.997452963950904,176.79643224693953
2023-03-02 02:00:00,8.077240126466197,169.361863176656
2023-03-02 03:00:00,9.232034164110807,145.66400359237642
2023-03-02 04:00:00,7.685869318080824,216.86858435814975
2023-03-02 05:00:00,8.71119117927211,216.86858435814975
2023-03-02 06:00:00,9.548498540325367,127.70803011402813
2023-03-02 07:00:00,8.094820431540915,198.88471474214228
2023-03-02 08:00:00,7.815489756526523,296.0025512484275
2023-03-02 09:00:00,7.482685139187436,400.71063349372685
2023-03-02 10:00:00,9.084721717986,522.8631469537282
2023-03-02 11:00:00,6.773188108874822,452.1343519504963
2023-03-02 12:00:00,7.977673266283968,454.9160506260511
2023-03-02 13:00:00,8.891174226582283,327.52567644829173
2023-03-02 14:00:00,6.040840046817198,404.8352907000331
2023-03-02 15:00:00,8.932508826453734,363.6600981648637
2023-03-02 16:00:00,3.6706952441917027,382.7051202575632
2023-03-02 17:00:00,7.135812398417142,196.13066131957206
2023-03-02 18:00:00,4.859356975684504,138.20292616601324
2023-03-02 19:00:00,6.6054738361921395,112.23727722241544
2023-03-02 20:00:00,4.024307079992891,216.86858435814975
2023-03-02 21:00:00,6.439657409431805,170.68242034779263
2023-03-02 22:00:00,7.011752240860028,132.23147715187184
2023-03-02 23:00:00,5.292830717996257,216.86858435814975
2023-03-03 00:00:00,8.863394433163851,139.08961476704528
2023-03-03 01:00:00,7.9302481407569285,214.44767969134722
2023-03-03 02:00:00,6.362983991286154,180.02512335227857
2023-03-03 03:00:00,9.557153201824038,175.4426135244703
2023-03-03 04:00:00,8.692025199276388,158.24889924258466
2023-03-03 05:00:00,7.775652743464074,198.6445986665718
2023-03-03 06:00:00,9.02835756370424,181.2846657664951
2023-03-03 07:00:00,7.087410608162497,257.7864763684831
2023-03-03 08:00:00,7.24204317987163,295.38912980716566
2023-03-03 09:00:00,8.965079461894105,382.5397561918508
2023-03-03 10:00:00,6.434533585001584,529.8148171871451
2023-03-03 11:00:00,7.514203753233342,356.92950286264846
2023-03-03 12:00:00,5.863886259960268,570.614277263496
2023-03-03 13:00:00,4.673092441889876,498.529711542029
2023-03-03 14:00:00,6.067747559828431,484.394559622705
2023-03-03 15:00:00,6.288034994881467,211.37842584219226
2023-03-03 16:00:00,6.060434378775335,398.0456718247472
2023-03-03 17:00:00,0.7331281646801271,264.36781463486386
2023-03-03 18:00:00,5.82158888924079,186.688799975883
2023-03-03 19:00:00,5.770940414259335,217.24574178310513
2023-03-03 20:00:00,5.658691842454253,183.74499937714563
2023-03-03 21:00:00,3.9926680119409497,77.45881783975153
2023-03-03 22:00:00,5.926478569574252,158.95831953440342
2023-03-03 23:00:00,3.986565969248315,146.12193675880937
2023-03-04 00:00:00,6.976928779116709,198.21747475648132
2023-03-04 01:00:00,4.261638190872578,219.22926483259616
2023-03-04 02:00:00,7.085381682696566,219.22926483259616
2023-03-04 03:00:00,8.418647814786391,200.19680775047541
2023-03-04 04:00:00,8.817964288114819,200.07008928920285
2023-03-04 05:00:00,8.37806234830291,212.81131781086134
2023-03-04 06:00:00,9.09482554505971,143.3423619554177
2023-03-04 07:00:00,11.493443703275707,285.4578716250686
2023-03-04 08:00:00,7.695803370152322,399.22926483259613
2023-03-04 09:00:00,8.149281449081506,298.69451156221066
2023-03-04 10:00:00,8.907675674164647,530.998410194994
2023-03-04 11:00:00,5.9114318897144,402.9570014770951
2023-03-04 12:00:00,7.459739055644534,431.87791296999336
2023-03-04 13:00:00,7.278858335937528,432.407716976584
2023-03-04 14:00:00,8.227288042381755,523.377508420492
2023-03-04 15:00:00,8.85277638367861,445.49674620508625
2023-03-04 16:00:00,3.4005547457038645,332.56307559704106
2023-03-04 17:00:00,5.634046532169133,177.94163076410794
2023-03-04 18:00:00,6.251436980778674,219.2292648325962
2023-03-04 19:00:00,7.060742351468395,168.76632258711007
2023-03-04 20:00:00,6.159304639616959,158.06095645812704
2023-03-04 21:00:00,6.694143298558009,177.18282580195373
2023-03-04 22:00:00,5.904750658173286,216.50423828733608
2023-03-04 23:00:00,5.156598350713368,164.6352384902996
2023-03-05 00:00:00,7.812358802421155,171.63161318090332
2023-03-05 01:00:00,5.991263871358057,180.07315920184234
2023-03-05 02:00:00,7.25741665284448,217.6468108743446
2023-03-05 03:00:00,7.484236540822423,151.78928542424853
2023-03-05 04:00:00,8.818977372220157,124.01203318085716
2023-03-05 05:00:00,8.189437978492867,203.50402322904043
2023-03-05 06:00:00,6.598513752536357,220.4190126575444
2023-03-05 07:00:00,9.42496615283673,259.3549557130861
2023-03-05 08:00:00,7.673675587949409,400.4190126575444
2023-03-05 09:00:00,7.3604433531881295,400.6965359429882
2023-03-05 10:00:00,6.237799575849342,397.80457184702504
2023-03-05 11:00:00,5.673904934478437,516.4220268811622
2023-03-05 12:00:00,7.418237522695626,323.7822139346587
2023-03-05 13:00:00,6.7843883210271985,410.0714457270953
2023-03-05 14:00:00,6.626107532156405,414.6054997378877
2023-03-05 15:00:00,8.427367064263853,393.9931301373158
2023-03-05 16:00:00,6.6445019160412,281.3061894421101
2023-03-05 17:00:00,4.085425627165652,312.73639754621075
2023-03-05 18:00:00,4.052383847720431,189.85433237742131
2023-03-05 19:00:00,5.512574305198482,191.92007562743908
2023-03-05 20:00:00,2.851627411016605,177.91213568537793
2023-03-05 21:00:00,4.644653570783617,153.76323447049595
2023-03-05 22:00:00,6.066634228567199,184.6388012387821
2023-03-05 23:00:00,7.909834526257734,204.94681665624162
2023-03-06 00:00:00,7.214655655926478,206.66262924309825
2023-03-06 01:00:00,7.980944989738292,110.19627770750913
2023-03-06 02:00:00,9.096350568854287,185.27665585114985
2023-03-06 03:00:00,9.447990242964865,221.61456275163454
2023-03-06 04:00:00,7.19628940585902,164.83167688447955
2023-03-06 05:00:00,9.10951506152886,197.9928460022445
2023-03-06 06:00:00,9.013568546179348,221.61456275163454
2023-03-06 07:00:00,5.930940433202419,314.789418988542
2023-03-06 08:00:00,9.339029525863536,292.04718948424835
2023-03-06 09:00:00,6.833758936538727,476.1730039787916
2023-03-06 10:00:00,9.219452475855524,331.02292801651
2023-03-06 11:00:00,7.216930328965065,473.5271418713038
2023-03-06 12:00:00,9.058798203781372,564.1297570678877
2023-03-06 13:00:00,6.453048008490746,555.4017196445269
2023-03-06 14:00:00,6.193129648063272,482.7898970742487
2023-03-06 15:00:00,6.881886499021053,414.5804228202522
2023-03-06 16:00:00,4.7921259042334885,362.02592095245194
2023-03-06 17:00:00,4.849735076656957,203.78854134489376
2023-03-06 18:00:00,7.374745531580387,151.52440066928543
2023-03-06 19:00:00,5.890606207475921,155.61502854114397
2023-03-06 20:00:00,6.961148859366739,166.28413084083817
2023-03-06 21:00:00,6.215296026718713,114.94498946137746
2023-03-06 22:00:00,6.7594345230398885,183.75752285993656
2023-03-06 23:00:00,5.891777266809247,221.02628790548428
2023-03-07 00:00:00,5.892045958193392,222.8155608475716
2023-03-07 01:00:00,10.120310502829499,221.7487689026553
2023-03-07 02:00:00,7.09419645252443,179.32721108942712
2023-03-07 03:00:00,8.197701467864153,169.29384875018278
2023-03-07 04:00:00,8.793511146201945,124.37378655352782
2023-03-07 05:00:00,8.605675605268377,209.07546552843235
2023-03-07 06:00:00,7.650743803945068,190.9966343542994
2023-03-07 07:00:00,7.495706012954581,211.2091740103496
2023-03-07 08:00:00,8.431897395740286,402.81556084757153
2023-03-07 09:00:00,6.653922038102137,477.3740020747287
2023-03-07 10:00:00,7.444487909563818,424.57185530944486
2023-03-07 11:00:00,6.775297735303569,466.6663727658901
2023-03-07 12:00:00,7.05435030541455,404.29216441490513
2023-03-07 13:00:00,7.274917629033602,570.5488583116362
2023-03-07 14:00:00,7.1171707705813905,517.3180462331406
2023-03-07 15:00:00,4.897300183826388,335.5076368103619
2023-03-07 16:00:00,5.080828452772334,386.5429988759985
2023-03-07 17:00:00,7.46570177485458,235.91163244296158
2023-03-07 18:00:00,6.814663048108198,150.30384001759643
2023-03-07 19:00:00,5.166947045492793,215.51612854696913
2023-03-07 20:00:00,6.445128139699812,205.82416337508832
2023-03-07 21:00:00,7.229585327815617,190.35238183019987
2023-03-07 22:00:00,4.798112120463172,137.78679457865096
2023-03-07 23:00:00,6.413228566384432,183.55852605674482
2023-03-08 00:00:00,5.902233472009334,116.8834942218063
2023-03-08 01:00:00,5.942041551723956,179.58848952628057
2023-03-08 02:00:00,7.1513746478028475,217.27105105579594
2023-03-08 03:00:00,10.140868738774344,177.70192294863557
2023-03-08 04:00:00,7.074706270187079,224.02165106370006
2023-03-08 05:00:00,7.793457678255918,120.5968260603524
2023-03-08 06:00:00,10.422533904101487,192.29987975160117
2023-03-08 07:00:00,6.574960003374517,240.71325505843927
2023-03-08 08:00:00,9.75600153523053,389.881129003331
2023-03-08 09:00:00,7.984796607038918,478.5800922908572
2023-03-08 10:00:00,6.23879859992756,535.7907964260979
2023-03-08 11:00:00,4.888799812065654,459.3299823288953
2023-03-08 12:00:00,6.005075025176244,550.8742884720764
2023-03-08 13:00:00,6.532869498233281,441.92087418123145
2023-03-08 14:00:00,9.888971810997205,470.7799203468071
2023-03-08 15:00:00,3.057212971284314,364.2869308965691
2023-03-08 16:00:00,0.6148491996637837,392.29944475479704
2023-03-08 17:00:00,5.658888891608197,200.45485872958076
2023-03-08 18:00:00,6.659447738047721,166.24742683892413
2023-03-08 19:00:00,5.069725744769277,215.02386185323866
2023-03-08 20:00:00,5.839314507909687,149.9794224779916
2023-03-08 21:00:00,5.516907899864489,143.46551654254444
2023-03-08 22:00:00,6.264461360931898,224.02165106370006
2023-03-08 23:00:00,6.0145911591992345,224.02165106370006
2023-03-09 00:00:00,6.501994184079459,155.26856580456652
