Date,Harmonics,Reactive_Power
2023-01-01 00:00:00,3.779371389346128,301.65050154385267
2023-01-01 01:00:00,2.936836770945984,286.6603551684849
2023-01-01 02:00:00,3.806241963309885,268.4845352452758
2023-01-01 03:00:00,2.1098618359607895,322.6654603879195
2023-01-01 04:00:00,2.3855737559103956,249.160354414758
2023-01-01 05:00:00,2.930705108619567,364.3299136005383
2023-01-01 06:00:00,2.9019218322266784,424.9945511761262
2023-01-01 07:00:00,2.1685268548250054,429.5793695087493
2023-01-01 08:00:00,4.166657038299159,400.9019240666794
2023-01-01 09:00:00,2.0142157837291528,431.0200697379257
2023-01-01 10:00:00,2.8566307438382372,385.6311081379522
2023-01-01 11:00:00,2.413885661979328,470.511228042915
2023-01-01 12:00:00,3.1015273639058334,438.2992881576689
2023-01-01 13:00:00,3.1656180460526984,455.1704310606455
2023-01-01 14:00:00,2.3443523600034526,482.2311874873553
2023-01-01 15:00:00,2.122289084429982,403.31415758780724
2023-01-01 16:00:00,3.0881613020335177,435.9444571519492
2023-01-01 17:00:00,3.7818038719506952,423.0985856844393
2023-01-01 18:00:00,2.253044298282046,549.9015945879798
2023-01-01 19:00:00,2.7424323210036325,448.882389273237
2023-01-01 20:00:00,2.152243287841852,514.7758831340028
2023-01-01 21:00:00,2.699795471374153,377.7700428840342
2023-01-01 22:00:00,3.4818648120951,319.1434911877356
2023-01-01 23:00:00,3.1481294246281797,331.4778542378136
2023-01-02 00:00:00,2.8276789932420003,351.4202168647697
2023-01-02 01:00:00,3.0608266201948915,314.96173796746984
2023-01-02 02:00:00,4.496454777419181,411.2156019486112
2023-01-02 03:00:00,4.450913196903201,401.5133597913096
2023-01-02 04:00:00,2.6988598746429737,391.1668209498122
2023-01-02 05:00:00,5.058032486396126,380.40355501548026
2023-01-02 06:00:00,2.050098899683523,478.9964633636107
2023-01-02 07:00:00,2.1296850038148025,535.2907146832562
2023-01-02 08:00:00,4.164833661517186,381.2702998315112
2023-01-02 09:00:00,2.2511755494505366,539.0961694625348
2023-01-02 10:00:00,2.470563173362128,481.5900907325192
2023-01-02 11:00:00,2.601245741066333,513.1332055466618
2023-01-02 12:00:00,2.2936139572200416,415.67220284444625
2023-01-02 13:00:00,2.5719982089369227,448.83430506122176
2023-01-02 14:00:00,2.222793482583171,505.4853161662619
2023-01-02 15:00:00,3.229656493404723,459.0924300146988
2023-01-02 16:00:00,3.8227760702147275,528.1737274677399
2023-01-02 17:00:00,2.7108659905809755,580.8412485724024
2023-01-02 18:00:00,3.5821789584003643,528.5216455640777
2023-01-02 19:00:00,2.0994405175864306,583.6748731809517
2023-01-02 20:00:00,3.9506831223908816,591.7929928514068
2023-01-02 21:00:00,3.74885775045488,543.7100053863163
2023-01-02 22:00:00,3.2771696845929696,427.01881943860167
2023-01-02 23:00:00,4.4655915953716185,404.80362486125665
2023-01-03 00:00:00,2.0056681003796597,322.9344380097437
2023-01-03 01:00:00,2.635823822198807,367.2156286376742
2023-01-03 02:00:00,2.1242892270159786,415.19885191365603
2023-01-03 03:00:00,2.0319696427627685,370.99502060468984
2023-01-03 04:00:00,4.1528325371113475,329.0342452748682
2023-01-03 05:00:00,2.7188515120694934,348.01114078465116
2023-01-03 06:00:00,2.054300540644529,428.1016465230436
2023-01-03 07:00:00,2.6771542090297635,448.8324447929017
2023-01-03 08:00:00,2.49078361250579,483.14362128945635
2023-01-03 09:00:00,3.8020996240124223,597.4823064747509
2023-01-03 10:00:00,3.531989182723091,401.0854462035519
2023-01-03 11:00:00,2.028159501431359,562.9616245689203
2023-01-03 12:00:00,3.2164443744360045,480.3574605079576
2023-01-03 13:00:00,3.195326935560301,518.6132698007935
2023-01-03 14:00:00,2.11336891529041,470.5786958425342
2023-01-03 15:00:00,2.848592260125938,555.6346105230756
2023-01-03 16:00:00,2.5311094152328435,526.5496826960332
2023-01-03 17:00:00,2.550370065413083,598.2640982146871
2023-01-03 18:00:00,2.1964642706518536,554.9172544500607
2023-01-03 19:00:00,2.692731424032482,408.4593641389231
2023-01-03 20:00:00,2.216424137189477,686.4313593750619
2023-01-03 21:00:00,2.345024436598957,565.1714895885211
2023-01-03 22:00:00,3.4727761879346293,425.31426690667405
2023-01-03 23:00:00,5.54939808350374,420.3542987816699
2023-01-04 00:00:00,2.47445701776374,349.51936632305046
2023-01-04 01:00:00,2.433325004888493,402.5202792547016
2023-01-04 02:00:00,3.0216416976462375,417.56423211528755
2023-01-04 03:00:00,2.8864507074017625,315.17665765262706
2023-01-04 04:00:00,2.356518658953195,397.979080954197
2023-01-04 05:00:00,3.457506502775054,334.4965154158852
2023-01-04 06:00:00,2.930836057737076,436.0314290607026
2023-01-04 07:00:00,2.666757704594196,483.6901895288135
2023-01-04 08:00:00,5.484421116234364,470.1942642877282
2023-01-04 09:00:00,2.4088403108652523,487.68540662796624
2023-01-04 10:00:00,2.5642111041242166,448.36818016981834
2023-01-04 11:00:00,2.343535177319247,572.7637953369116
2023-01-04 12:00:00,2.7355502360830672,431.7441557593858
2023-01-04 13:00:00,2.0911971180535587,589.86644319347
2023-01-04 14:00:00,3.7815310661630797,479.67310743278057
2023-01-04 15:00:00,2.2588553401764533,554.1634061188811
2023-01-04 16:00:00,2.980873148098526,412.6003888113819
2023-01-04 17:00:00,2.1785890665611305,578.6750292853385
2023-01-04 18:00:00,3.018877385310849,636.8590911519743
2023-01-04 19:00:00,2.107909854505913,619.9281954448534
2023-01-04 20:00:00,2.174000958100782,528.8425216204517
2023-01-04 21:00:00,2.0448018831911567,532.1622312879649
2023-01-04 22:00:00,2.8021030925656834,470.5294062913307
2023-01-04 23:00:00,2.937314213018619,395.46822175534675
2023-01-05 00:00:00,2.0538287584825827,331.0361842833805
2023-01-05 01:00:00,2.4181844987656147,345.77893508495504
2023-01-05 02:00:00,2.0775313543384253,377.7299336168799
2023-01-05 03:00:00,2.414298360269771,333.73741421247377
2023-01-05 04:00:00,2.537126391861247,400.0711957340931
2023-01-05 05:00:00,2.1943602759247556,358.308048609657
2023-01-05 06:00:00,2.011559110546676,542.0816686029152
2023-01-05 07:00:00,5.479673129025714,482.6354211941818
2023-01-05 08:00:00,2.529913520224921,386.28341124064514
2023-01-05 09:00:00,2.5257494005345444,417.23169120721616
2023-01-05 10:00:00,2.0434186503170237,495.1851671019837
2023-01-05 11:00:00,4.3113937818614225,559.1152950264549
2023-01-05 12:00:00,3.15681678597612,562.1784064742473
2023-01-05 13:00:00,7.80512386931731,462.2629795953043
2023-01-05 14:00:00,2.87870106699732,515.1638874353467
2023-01-05 15:00:00,3.928155610924386,515.1704175064446
2023-01-05 16:00:00,2.265431745467362,500.1858654668173
2023-01-05 17:00:00,2.1664235615157263,447.22606007678445
2023-01-05 18:00:00,2.1979312653313943,602.0088986619261
2023-01-05 19:00:00,4.291310274395691,562.7305947195944
2023-01-05 20:00:00,2.128171545832438,590.2327103169765
2023-01-05 21:00:00,2.7223731871807892,565.1793118078907
2023-01-05 22:00:00,3.8480597353424972,409.0924097380199
2023-01-05 23:00:00,2.3416220630735864,417.48465913156707
2023-01-06 00:00:00,4.9883518052909706,312.0870904884076
2023-01-06 01:00:00,3.2418664087479834,403.0308335023575
2023-01-06 02:00:00,3.271042582086161,314.5722010817609
2023-01-06 03:00:00,2.572678689501312,366.72332399875614
2023-01-06 04:00:00,2.091148810598782,380.69741982095866
2023-01-06 05:00:00,2.223029148594708,350.27564872677505
2023-01-06 06:00:00,2.231813860651444,492.49015043394746
2023-01-06 07:00:00,2.850301051475252,432.44550737201314
2023-01-06 08:00:00,2.3259245923920613,479.5870851016177
2023-01-06 09:00:00,2.738143901923395,430.487094987941
2023-01-06 10:00:00,3.5250111136911033,565.1145902814998
2023-01-06 11:00:00,3.4561579628304386,519.999068299094
2023-01-06 12:00:00,2.0420103084729417,505.9450181662338
2023-01-06 13:00:00,4.281862316647067,588.8613451705862
2023-01-06 14:00:00,6.371153744358147,568.7800402226203
2023-01-06 15:00:00,3.0530649139006343,457.0728480069397
2023-01-06 16:00:00,3.1336356707313775,489.5057505500981
2023-01-06 17:00:00,3.9039996556193444,564.5344293608388
2023-01-06 18:00:00,4.440695748845304,599.5840805070665
2023-01-06 19:00:00,7.238789230209389,492.00754886902183
2023-01-06 20:00:00,2.2595359357665443,571.4846624000323
2023-01-06 21:00:00,2.0126170935091463,589.2023318131294
2023-01-06 22:00:00,2.87214795553764,384.9297436111975
2023-01-06 23:00:00,2.351667944579119,475.1243112097493
2023-01-07 00:00:00,2.5456793794766135,252.18795836371075
2023-01-07 01:00:00,2.924860447601816,295.4398725983734
2023-01-07 02:00:00,2.643950531115545,333.9104258165847
2023-01-07 03:00:00,2.437907472086587,311.33709516855293
2023-01-07 04:00:00,2.251901008275506,316.270609675847
2023-01-07 05:00:00,2.383823758466699,232.24134480655687
2023-01-07 06:00:00,2.814417603004533,350.0069927427001
2023-01-07 07:00:00,4.1921708009599925,401.18911715844416
2023-01-07 08:00:00,3.2374708122713716,374.00759111305285
2023-01-07 09:00:00,2.038389142628055,490.92926147809686
2023-01-07 10:00:00,2.272442577102844,401.3190104625872
2023-01-07 11:00:00,7.143802118257204,365.31226530300336
2023-01-07 12:00:00,3.608608703083235,333.1658746167481
2023-01-07 13:00:00,2.12853578305153,452.78599779364595
2023-01-07 14:00:00,3.2559683314485746,459.83941679775705
2023-01-07 15:00:00,2.883223124768324,422.2534857954294
2023-01-07 16:00:00,2.304687728092214,454.71784902414305
2023-01-07 17:00:00,4.479592847768249,464.82145386892324
2023-01-07 18:00:00,2.64156565334234,495.71524241184875
2023-01-07 19:00:00,3.1396442211424764,402.6837767602651
2023-01-07 20:00:00,3.389247385967037,563.777565166844
2023-01-07 21:00:00,3.242920308640227,539.618466499001
2023-01-07 22:00:00,2.8376479483230566,305.3825089512731
2023-01-07 23:00:00,4.88461398387671,350.4952250983585
2023-01-08 00:00:00,2.7549664668423484,235.28390275730953
2023-01-08 01:00:00,2.9447869594490026,326.2633917993217
2023-01-08 02:00:00,2.6460940702850753,290.43374735362545
2023-01-08 03:00:00,2.4782351151790665,331.39686243094627
2023-01-08 04:00:00,2.655816675033697,320.2890617792043
2023-01-08 05:00:00,3.404904018518166,330.61889642976894
2023-01-08 06:00:00,2.7446545356135243,358.7985010764013
2023-01-08 07:00:00,4.181506630533997,436.6466666141964
2023-01-08 08:00:00,2.5763829207112465,340.8307392637212
2023-01-08 09:00:00,2.849127769536784,485.16381434520497
2023-01-08 10:00:00,2.4978431384513957,474.2530149793517
2023-01-08 11:00:00,2.755205719838473,408.63858500624514
2023-01-08 12:00:00,3.554205053623397,386.7486590635667
2023-01-08 13:00:00,4.979682246202142,450.926836055056
2023-01-08 14:00:00,2.2229486885673477,401.88541250133756
2023-01-08 15:00:00,2.128731584115571,412.82231857761616
2023-01-08 16:00:00,2.4549017659712886,457.85215348419723
2023-01-08 17:00:00,2.5504740507476256,526.5552136550283
2023-01-08 18:00:00,4.1971200746823865,464.26184937602534
2023-01-08 19:00:00,2.2517101365485575,500.24563343365827
2023-01-08 20:00:00,2.8702834344022223,310.3737080799921
2023-01-08 21:00:00,3.20043944210207,519.2525074156848
2023-01-08 22:00:00,4.344139624512183,343.2675506614408
2023-01-08 23:00:00,2.6596548210021904,302.55248195503225
2023-01-09 00:00:00,2.193812823068055,380.6082279807935
2023-01-09 01:00:00,2.241437511936616,410.46672219636616
2023-01-09 02:00:00,2.6256395298184434,404.10540811198564
2023-01-09 03:00:00,2.1256832312743756,330.28946579730246
2023-01-09 04:00:00,3.508163469008011,373.41366374892027
2023-01-09 05:00:00,5.1656949219713,340.6448938066016
2023-01-09 06:00:00,3.7171271209608885,412.8103510292007
2023-01-09 07:00:00,3.299990021332763,473.55834611932886
2023-01-09 08:00:00,4.015008868826791,534.3852768456078
2023-01-09 09:00:00,4.619964974487454,487.65872673785253
2023-01-09 10:00:00,2.5689453713720436,456.3938736525587
2023-01-09 11:00:00,3.6598547533491748,505.0120608424219
2023-01-09 12:00:00,2.232123819400536,529.7825449978062
2023-01-09 13:00:00,3.1995373739156614,533.7349196148648
2023-01-09 14:00:00,2.562958065466975,443.1120478348737
2023-01-09 15:00:00,2.485090415118047,495.5200171019279
2023-01-09 16:00:00,2.1310452415074566,532.8754156150421
2023-01-09 17:00:00,3.085226956829703,607.5948142043273
2023-01-09 18:00:00,3.6321581602877067,576.9651150743656
2023-01-09 19:00:00,2.457922954608394,607.9198549040037
2023-01-09 20:00:00,4.66017064372404,570.7846446887736
2023-01-09 21:00:00,2.2798204729118874,471.77689243593505
2023-01-09 22:00:00,4.822071364405125,344.54113250485847
2023-01-09 23:00:00,2.18844071300228,482.948479600449
2023-01-10 00:00:00,2.216065343936438,369.17801696957645
2023-01-10 01:00:00,2.321171332988833,375.4623349766455
2023-01-10 02:00:00,2.338708302991337,300.8625357204229
2023-01-10 03:00:00,3.7989594329001433,408.99706558758794
2023-01-10 04:00:00,2.1796962673383846,282.90181148848296
2023-01-10 05:00:00,2.6276695049569847,332.96632428737956
2023-01-10 06:00:00,4.90385166043313,442.1981007950025
2023-01-10 07:00:00,2.7393249051397204,456.2298805078481
2023-01-10 08:00:00,3.326882136659973,420.77923976278345
2023-01-10 09:00:00,3.786779161418398,475.68720509730866
2023-01-10 10:00:00,2.0684669731263052,470.1035990035389
2023-01-10 11:00:00,2.634190262350942,546.2075623512313
2023-01-10 12:00:00,3.2870743596189365,532.7728125542989
2023-01-10 13:00:00,3.0289484186862077,631.6566366884468
2023-01-10 14:00:00,2.0847101982870524,465.7072539380329
2023-01-10 15:00:00,2.0540211587183212,544.6239942930381
2023-01-10 16:00:00,2.0084542630633817,575.3259722767613
2023-01-10 17:00:00,2.002942524433792,627.557266995571
2023-01-10 18:00:00,2.5152307064103585,585.204536734943
2023-01-10 19:00:00,2.0024997333852923,599.6430640025801
2023-01-10 20:00:00,6.402983366070383,447.59882060715915
2023-01-10 21:00:00,2.3731182175516126,628.3117089979673
2023-01-10 22:00:00,2.83613704349695,449.88742576161934
2023-01-10 23:00:00,2.0835463146996425,379.27743331978144
2023-01-11 00:00:00,2.068888643004671,375.49880019725333
2023-01-11 01:00:00,3.4142410670694705,393.20148678076174
2023-01-11 02:00:00,2.071053377564355,421.26734617563585
2023-01-11 03:00:00,2.3286233649255594,321.3864098908021
2023-01-11 04:00:00,3.159747247415784,322.4516353713516
2023-01-11 05:00:00,2.8077801842598333,400.64651773446
2023-01-11 06:00:00,4.448501293893584,444.48695492402516
2023-01-11 07:00:00,2.457372196954839,516.7245286840641
2023-01-11 08:00:00,2.1278270010381557,436.95911810602485
2023-01-11 09:00:00,4.301774960494425,519.4873344037824
2023-01-11 10:00:00,2.796094321481773,500.53614600278985
2023-01-11 11:00:00,2.921362420836639,549.0071719475624
2023-01-11 12:00:00,2.057114552329496,495.00968980062805
2023-01-11 13:00:00,4.2069246815618975,452.99443047017405
2023-01-11 14:00:00,2.0751716713206676,540.2627860159821
2023-01-11 15:00:00,2.0399868113840234,576.6471076869204
2023-01-11 16:00:00,3.618760003419878,445.0053635257779
2023-01-11 17:00:00,2.6255275186974503,565.931577996622
2023-01-11 18:00:00,3.3594914429878746,533.0308077162177
2023-01-11 19:00:00,2.5369630760762405,466.2838974872312
2023-01-11 20:00:00,2.2277875829851976,673.4098571154256
2023-01-11 21:00:00,5.502004875308183,621.0007379389116
2023-01-11 22:00:00,2.6169393259468254,416.55924112932047
2023-01-11 23:00:00,2.3344220306402814,433.84669409756407
2023-01-12 00:00:00,3.11825015452651,353.35582454371297
2023-01-12 01:00:00,3.772364507039933,389.02836745034773
2023-01-12 02:00:00,3.3649159699763604,330.61163490710595
2023-01-12 03:00:00,4.616627847396467,298.78319007723155
2023-01-12 04:00:00,2.8174303200929574,352.57431495034984
2023-01-12 05:00:00,5.779932957799248,362.07213059261267
2023-01-12 06:00:00,4.465126742080411,521.6084597340973
2023-01-12 07:00:00,2.2147108675276126,448.78714684062936
2023-01-12 08:00:00,2.1967914722607533,388.2444819599429
2023-01-12 09:00:00,2.1628061817777806,522.2230530572673
2023-01-12 10:00:00,2.289126840688314,484.62547823728045
2023-01-12 11:00:00,2.5575993385019142,461.2916518235316
2023-01-12 12:00:00,2.5871856806858666,594.5516189376544
2023-01-12 13:00:00,2.027151420495947,496.93052838464445
2023-01-12 14:00:00,3.8785206866979163,683.7789809374556
2023-01-12 15:00:00,2.0474200663997584,373.1132419610514
2023-01-12 16:00:00,2.2963061375678007,538.2333418923238
2023-01-12 17:00:00,3.1871732762233824,592.6766196034889
2023-01-12 18:00:00,2.5936843995814205,507.6883374161825
2023-01-12 19:00:00,2.272819935709762,538.6332784622305
2023-01-12 20:00:00,2.04990100453976,586.5549234751152
2023-01-12 21:00:00,2.9184078461107577,541.1956204110834
2023-01-12 22:00:00,2.15763718085224,436.54647151896586
2023-01-12 23:00:00,2.0851829508577513,401.6092710811986
2023-01-13 00:00:00,2.1130675250387467,374.73742045356136
2023-01-13 01:00:00,2.147204991899041,359.4214918761815
2023-01-13 02:00:00,2.0418171394855027,400.4544197245902
2023-01-13 03:00:00,2.1131412629064528,370.6946854257027
2023-01-13 04:00:00,2.331429518365566,391.38466717004735
2023-01-13 05:00:00,4.5879968037183705,358.35794493821464
2023-01-13 06:00:00,4.147048156331692,577.317870999361
2023-01-13 07:00:00,2.157274352337801,464.00849233775017
2023-01-13 08:00:00,2.81276972456742,526.153402420904
2023-01-13 09:00:00,2.3012120688941082,526.6869645266978
2023-01-13 10:00:00,3.6478114176530374,542.712332474966
2023-01-13 11:00:00,2.3218376434361625,452.8825385819095
2023-01-13 12:00:00,2.0263129859666127,553.0916763716104
2023-01-13 13:00:00,3.2973899111294287,456.01286534324
2023-01-13 14:00:00,2.132624473859223,498.49668237470115
2023-01-13 15:00:00,2.178200405725205,451.92936180469485
2023-01-13 16:00:00,2.618671340921679,443.278652007563
2023-01-13 17:00:00,2.9895635326252736,696.631955563077
2023-01-13 18:00:00,2.035552587430812,648.5573149596224
2023-01-13 19:00:00,3.970344611209879,627.7517161064527
2023-01-13 20:00:00,5.017576115284484,616.6764555206066
2023-01-13 21:00:00,2.10869612309468,623.0555199810425
2023-01-13 22:00:00,2.7621699888166473,388.9681056790499
2023-01-13 23:00:00,2.852527691288279,355.3938299579594
2023-01-14 00:00:00,3.1146353881007034,300.5370022101704
2023-01-14 01:00:00,3.7258926959776466,300.2369107201283
2023-01-14 02:00:00,3.3941884188492475,301.2571897178365
2023-01-14 03:00:00,2.329188853882672,324.9643441856173
2023-01-14 04:00:00,2.1109444239718864,285.7356590989417
2023-01-14 05:00:00,2.483325033981276,352.0635695485237
2023-01-14 06:00:00,3.3785645605787087,411.4306355765603
2023-01-14 07:00:00,3.678474429480484,426.6917686420179
2023-01-14 08:00:00,4.2058722824496755,404.7209005972517
2023-01-14 09:00:00,2.4337347511537124,392.8419467998311
2023-01-14 10:00:00,3.040465205861074,505.0214448707636
2023-01-14 11:00:00,2.548538224328194,438.68241204020217
2023-01-14 12:00:00,2.4078122632842964,377.91909004048904
2023-01-14 13:00:00,3.483063806614875,450.9337778504725
2023-01-14 14:00:00,2.2290454299126363,501.9281929116383
2023-01-14 15:00:00,3.5222779372506965,416.33578635040834
2023-01-14 16:00:00,4.235825823640635,437.7211422013628
2023-01-14 17:00:00,5.707275579848002,517.8845707975225
2023-01-14 18:00:00,2.877818610331129,463.6557549333354
2023-01-14 19:00:00,3.549648989180275,518.5445837710557
2023-01-14 20:00:00,4.829808304460707,458.6818105451025
2023-01-14 21:00:00,2.1407739164211557,503.8299628952387
2023-01-14 22:00:00,2.3973990981739197,363.89643417475975
2023-01-14 23:00:00,2.6331755453910346,428.61945656628893
2023-01-15 00:00:00,2.880848130858542,306.0533292648833
2023-01-15 01:00:00,3.6109372301225933,332.7555870657661
2023-01-15 02:00:00,2.791011534536945,308.4108740211845
2023-01-15 03:00:00,2.371094792018759,316.3093680655733
2023-01-15 04:00:00,2.6391059271358275,314.0218214446087
2023-01-15 05:00:00,3.3137573090729577,343.3822258013744
2023-01-15 06:00:00,2.2967722858528603,392.4585467784896
2023-01-15 07:00:00,2.715588459188699,464.61332580561054
2023-01-15 08:00:00,3.387755753287963,356.230470586566
2023-01-15 09:00:00,2.9329630663873165,465.3103051124508
2023-01-15 10:00:00,2.30544505582545,514.7737017941365
2023-01-15 11:00:00,3.3164873408446773,362.5892003449773
2023-01-15 12:00:00,3.7340444501416763,465.9734501544368
2023-01-15 13:00:00,2.0437474788770187,502.3022112232727
2023-01-15 14:00:00,2.536463959447477,433.75904905429707
2023-01-15 15:00:00,2.0245187318310514,499.19914433441244
2023-01-15 16:00:00,2.058246655489338,421.5824523594544
2023-01-15 17:00:00,4.653062601275176,454.4782278344837
2023-01-15 18:00:00,3.4867268132773144,565.1140147943286
2023-01-15 19:00:00,2.731853235588159,478.0681429738611
2023-01-15 20:00:00,2.2864237293911414,558.8221214163264
2023-01-15 21:00:00,3.246908595407864,439.4182384822672
2023-01-15 22:00:00,2.3902672016321787,345.36872557625753
2023-01-15 23:00:00,2.820411356574844,366.57397758411787
2023-01-16 00:00:00,2.2380501338154133,432.69073464719594
2023-01-16 01:00:00,2.171593783587791,424.1515992706577
2023-01-16 02:00:00,2.293260185269697,383.5602723227381
2023-01-16 03:00:00,4.338488035959921,371.7372140546928
2023-01-16 04:00:00,3.471993597488137,357.38913092765324
2023-01-16 05:00:00,2.1489622069962553,374.63237606266716
2023-01-16 06:00:00,3.7835875177942,488.4455203059496
2023-01-16 07:00:00,2.7945207220934725,479.41531511997823
2023-01-16 08:00:00,2.0747038442101804,444.82966042104636
2023-01-16 09:00:00,4.064966151910056,558.2769564360179
2023-01-16 10:00:00,3.2277481357924094,564.4039780624436
2023-01-16 11:00:00,2.054414312617963,513.7063966332253
2023-01-16 12:00:00,2.3968797948158844,509.98714219931725
2023-01-16 13:00:00,3.07915171568572,600.9987790029749
2023-01-16 14:00:00,2.1349734385606243,490.65702057159785
2023-01-16 15:00:00,2.069721169679268,475.3305949105837
2023-01-16 16:00:00,2.4610936289280403,557.2307222264287
2023-01-16 17:00:00,2.4215072470181713,627.658640872511
2023-01-16 18:00:00,2.1671529931648252,541.0052175203614
2023-01-16 19:00:00,2.143726963805164,614.4117108380414
2023-01-16 20:00:00,2.9963487139036338,498.6427075076883
2023-01-16 21:00:00,2.33103286908153,578.7880978415311
2023-01-16 22:00:00,4.87536299993169,435.787800046471
2023-01-16 23:00:00,2.30537561266132,455.2350990525685
2023-01-17 00:00:00,2.6826003501505005,382.7871825308882
2023-01-17 01:00:00,2.3220337459239584,395.97557841986475
2023-01-17 02:00:00,2.73385013319638,428.44754497983797
2023-01-17 03:00:00,3.1102681798571665,401.6082316712165
2023-01-17 04:00:00,2.113903047199881,339.4893841934305
2023-01-17 05:00:00,3.776354771077527,415.9521139744812
2023-01-17 06:00:00,2.0267203065107564,398.6715414597582
2023-01-17 07:00:00,2.363950524719898,438.26156754096957
2023-01-17 08:00:00,2.2882168744965186,500.2903151193574
2023-01-17 09:00:00,2.5867228508905646,511.2089646495864
2023-01-17 10:00:00,3.126112601525756,455.7726638286212
2023-01-17 11:00:00,3.390929072803446,629.426285307142
2023-01-17 12:00:00,2.458502020220115,531.8279312037522
2023-01-17 13:00:00,2.6089841486979024,627.0918541512382
2023-01-17 14:00:00,3.353525731960053,536.422145720016
2023-01-17 15:00:00,5.061548817651486,498.3439962273476
2023-01-17 16:00:00,2.363752485250026,409.8865739911955
2023-01-17 17:00:00,3.019691315230142,582.5901007835621
2023-01-17 18:00:00,3.049816603939475,703.4297000622443
2023-01-17 19:00:00,2.291409116501416,548.2510383942439
2023-01-17 20:00:00,2.5418960587866453,547.9586792553265
2023-01-17 21:00:00,2.9579661425436,674.9955827968373
2023-01-17 22:00:00,3.1174361173384337,457.3735743215769
2023-01-17 23:00:00,3.539741453117939,420.01709521301495
2023-01-18 00:00:00,3.0401026339640187,324.8741317180685
2023-01-18 01:00:00,2.124252893052673,361.95755819150935
2023-01-18 02:00:00,2.449147034389108,362.59270564325357
2023-01-18 03:00:00,2.02661118776204,400.0832946868437
2023-01-18 04:00:00,3.021491305808072,399.50258723817194
2023-01-18 05:00:00,2.2105274625022604,409.8584539830921
2023-01-18 06:00:00,2.18620154570903,493.8070419848926
2023-01-18 07:00:00,2.815484911135292,405.7851313532609
2023-01-18 08:00:00,2.097522831801887,512.0347488151424
2023-01-18 09:00:00,2.747299193086774,528.2540911305657
2023-01-18 10:00:00,2.038393536594373,516.8709036954313
2023-01-18 11:00:00,2.3231403353398443,593.6939066594061
2023-01-18 12:00:00,3.4801690969514008,450.2564740009188
2023-01-18 13:00:00,3.1502129900047686,526.7230883374942
2023-01-18 14:00:00,2.1194703535300485,464.3197001736319
2023-01-18 15:00:00,3.97226244285479,522.4965487286306
2023-01-18 16:00:00,3.0947658137558762,565.4697604407578
2023-01-18 17:00:00,6.41602376586753,592.519545950841
2023-01-18 18:00:00,2.1957835300110027,692.3072790928362
2023-01-18 19:00:00,2.6836492815606277,603.2240419750352
2023-01-18 20:00:00,2.483215541213757,645.8583762907758
2023-01-18 21:00:00,2.1473210402078227,669.3132405922887
2023-01-18 22:00:00,3.7191059890013882,404.7714941888639
2023-01-18 23:00:00,2.2003330890069814,356.4929124859919
2023-01-19 00:00:00,2.2780306238804404,332.1466991159046
2023-01-19 01:00:00,2.3278703149433566,357.1243742336231
2023-01-19 02:00:00,4.191203928538085,370.56102593617857
2023-01-19 03:00:00,2.1783981086451645,389.25277859434726
2023-01-19 04:00:00,2.466852966002807,409.7770235662458
2023-01-19 05:00:00,2.2664076792579437,397.8128204667134
2023-01-19 06:00:00,4.323447230059923,472.17017103707894
2023-01-19 07:00:00,2.7308847117401074,459.7692430828509
2023-01-19 08:00:00,2.3052604836514123,548.0963198720307
2023-01-19 09:00:00,2.107806826041391,491.12606167283946
2023-01-19 10:00:00,3.419896186820475,528.0046094970925
2023-01-19 11:00:00,2.103452407623979,576.2074780495528
2023-01-19 12:00:00,2.0008959566415925,587.9894094541679
2023-01-19 13:00:00,3.08643224677974,534.7372437323621
2023-01-19 14:00:00,2.643156436025766,541.79484640575
2023-01-19 15:00:00,3.1958023488475957,595.8394108773331
2023-01-19 16:00:00,2.352280324062307,458.10387110024726
2023-01-19 17:00:00,4.919927316591687,518.6910056061058
2023-01-19 18:00:00,2.013871027459529,600.8648509105356
2023-01-19 19:00:00,2.1401227371350817,533.3830570926715
2023-01-19 20:00:00,2.5468433686164804,565.6927756797558
2023-01-19 21:00:00,2.343214797316781,643.9650605082786
2023-01-19 22:00:00,3.5973368479582053,372.92414330100036
2023-01-19 23:00:00,2.540981895589354,405.31945450568713
2023-01-20 00:00:00,2.22131150549819,387.58801304189
2023-01-20 01:00:00,4.167327084463556,358.507051369667
2023-01-20 02:00:00,2.4314335076456723,375.20896533126603
2023-01-20 03:00:00,2.9511010254162726,337.2404537022583
2023-01-20 04:00:00,2.2451213282821256,307.70885672609523
2023-01-20 05:00:00,3.2314186826077558,368.99776092857957
2023-01-20 06:00:00,2.755600979961253,430.04560847303134
2023-01-20 07:00:00,2.3938657952096674,425.69132377186344
2023-01-20 08:00:00,2.1177968551804858,508.42376775366387
2023-01-20 09:00:00,2.7266564871964802,561.5704406830755
2023-01-20 10:00:00,2.700568813139393,525.7961769015848
2023-01-20 11:00:00,2.3200010698804787,540.7423018113718
2023-01-20 12:00:00,3.6290681955474087,514.3680294617925
2023-01-20 13:00:00,3.4759879764750505,582.231844222994
2023-01-20 14:00:00,3.245852058126531,576.3594265914339
2023-01-20 15:00:00,2.0731432712362357,495.44053373201393
2023-01-20 16:00:00,3.031422689425158,531.4652176515339
2023-01-20 17:00:00,3.1069635972041456,528.4963546417633
2023-01-20 18:00:00,2.758045875960221,545.3270597013931
2023-01-20 19:00:00,2.285737540318403,613.2081551776404
2023-01-20 20:00:00,2.7978641384721805,590.3251134442356
2023-01-20 21:00:00,2.2594249598604432,682.7528620089458
2023-01-20 22:00:00,3.1051672363926475,362.9013656730944
2023-01-20 23:00:00,5.170499054904402,444.06628572732285
2023-01-21 00:00:00,2.9919357700108242,327.6807109904165
2023-01-21 01:00:00,2.88937082982603,260.0727378232756
2023-01-21 02:00:00,3.7214791556300786,351.8214177744966
2023-01-21 03:00:00,3.7199230686993667,277.69779027230976
2023-01-21 04:00:00,2.289782227714258,316.6358766997047
2023-01-21 05:00:00,7.859036774987182,293.06950852527024
2023-01-21 06:00:00,2.1056747719933147,478.53003100562177
2023-01-21 07:00:00,2.0357860077101155,384.09862755233155
2023-01-21 08:00:00,4.124974350918661,395.16508344829305
2023-01-21 09:00:00,3.614952878853564,462.0585309267371
2023-01-21 10:00:00,3.2817084470995845,431.85862650730525
2023-01-21 11:00:00,3.540514893040755,543.0466589533238
2023-01-21 12:00:00,3.6610237656715157,499.7196820935564
2023-01-21 13:00:00,3.22841650578657,457.12698858852474
2023-01-21 14:00:00,2.8919917373928605,454.57839328679717
2023-01-21 15:00:00,2.577029726492335,486.9122286052481
2023-01-21 16:00:00,2.605533918833413,449.0480783439505
2023-01-21 17:00:00,3.4116824953855778,540.2566488459593
2023-01-21 18:00:00,3.3768962246744456,516.8202824721092
2023-01-21 19:00:00,2.623573187109055,550.1845104649435
2023-01-21 20:00:00,4.470576469666405,602.4396982741023
2023-01-21 21:00:00,2.1456609659462282,511.29241984931946
2023-01-21 22:00:00,4.2698779608344655,328.2029045734239
2023-01-21 23:00:00,2.996115419605427,331.73443207919394
2023-01-22 00:00:00,2.670337817150533,268.4708125300797
2023-01-22 01:00:00,2.6170492344035137,317.3220187972699
2023-01-22 02:00:00,2.050318693903877,353.08191642418444
2023-01-22 03:00:00,2.3249127012563275,315.7275029206788
2023-01-22 04:00:00,2.358497097869855,383.3534033175705
2023-01-22 05:00:00,3.2832197420470592,295.3053043294446
2023-01-22 06:00:00,2.111925550100836,530.7357130091625
2023-01-22 07:00:00,2.247408871081361,377.28991419662646
2023-01-22 08:00:00,2.0812575049020605,393.3346850802047
2023-01-22 09:00:00,3.1070091441539303,535.6499825587604
2023-01-22 10:00:00,2.4651647898448723,409.59345228090154
2023-01-22 11:00:00,2.6307423945931645,385.73535441737727
2023-01-22 12:00:00,2.2601945216875614,378.33486268078985
2023-01-22 13:00:00,2.0496824558729454,468.0208610595213
2023-01-22 14:00:00,4.638680553301809,486.52911384102623
2023-01-22 15:00:00,2.5701590163087236,347.24549582064225
2023-01-22 16:00:00,2.7290103251765374,555.3274233542362
2023-01-22 17:00:00,4.062596478332369,500.09714379990606
2023-01-22 18:00:00,2.76653213058424,463.7117382472429
2023-01-22 19:00:00,2.4831931746416718,484.3113010642204
2023-01-22 20:00:00,2.570355073409969,542.2535143826007
2023-01-22 21:00:00,2.612316553586906,542.1958827744713
2023-01-22 22:00:00,2.201446502365918,332.789420975647
2023-01-22 23:00:00,3.0998449328782787,340.1155820145712
2023-01-23 00:00:00,2.755060084756451,339.89008034018985
2023-01-23 01:00:00,3.0420863272733483,407.3771582723394
2023-01-23 02:00:00,2.5540109887346674,342.7115918879104
2023-01-23 03:00:00,2.2824796291060245,316.6763308061465
2023-01-23 04:00:00,2.956462577234873,408.4300102361511
2023-01-23 05:00:00,2.385078353282283,431.5092325437539
2023-01-23 06:00:00,2.4651840882933844,435.4602078095428
2023-01-23 07:00:00,4.735600654515226,410.5645853910629
2023-01-23 08:00:00,3.9031677556245077,442.8519950180012
2023-01-23 09:00:00,5.126820355957912,590.3693627810453
2023-01-23 10:00:00,2.099778138498061,522.6757988286687
2023-01-23 11:00:00,2.6573181383185256,552.3014129654845
2023-01-23 12:00:00,2.944431648786451,515.8349006424564
2023-01-23 13:00:00,2.8386126019855977,579.3643266820196
2023-01-23 14:00:00,2.89794526390433,552.253572448919
2023-01-23 15:00:00,2.5389643384166636,587.8711075916813
2023-01-23 16:00:00,2.807247868022067,515.1046399397827
2023-01-23 17:00:00,3.2484174493832505,589.0694080895236
2023-01-23 18:00:00,2.657000113662715,669.4084093833524
2023-01-23 19:00:00,2.3101540968030463,588.6833729422057
2023-01-23 20:00:00,2.7788406862083836,543.463079154176
2023-01-23 21:00:00,2.5423385188172807,547.9755014428413
2023-01-23 22:00:00,2.004686489303473,318.1117384774628
2023-01-23 23:00:00,2.2849196650029966,376.920557587651
2023-01-24 00:00:00,2.385204380452054,437.115781829366
2023-01-24 01:00:00,3.0954738858308044,405.73519186896726
2023-01-24 02:00:00,2.346361582437662,388.5779320847192
2023-01-24 03:00:00,2.7381063777181787,340.8769348656975
2023-01-24 04:00:00,2.336854254698136,441.3584542111393
2023-01-24 05:00:00,2.427272948952696,410.2807685796346
2023-01-24 06:00:00,2.972721436237714,448.8237833644606
2023-01-24 07:00:00,5.414490905249226,536.791651561816
2023-01-24 08:00:00,4.129667806357212,504.64860189501775
2023-01-24 09:00:00,2.2200098532451107,461.4092545601361
2023-01-24 10:00:00,2.0181929945945707,562.2451208769903
2023-01-24 11:00:00,4.74026280973357,577.7419645031775
2023-01-24 12:00:00,2.332244295558244,590.9752983974853
2023-01-24 13:00:00,2.568311834316275,621.6928083005131
2023-01-24 14:00:00,2.5939295617823515,484.91177433432296
2023-01-24 15:00:00,2.109127051984492,407.1592369020526
2023-01-24 16:00:00,2.2670325381147274,599.2892372903862
2023-01-24 17:00:00,2.569538967300965,639.9441937614693
2023-01-24 18:00:00,3.519596590795546,594.1766400244038
2023-01-24 19:00:00,4.405394072973359,618.0709853107421
2023-01-24 20:00:00,4.465695460230904,602.1896771858062
2023-01-24 21:00:00,2.9320723344441566,616.6917505071615
2023-01-24 22:00:00,2.182518008051803,485.16188045655514
2023-01-24 23:00:00,3.7302750862196565,438.51235392728984
2023-01-25 00:00:00,3.067911413515266,352.94861307262477
2023-01-25 01:00:00,2.3025059264841703,442.1480348144592
2023-01-25 02:00:00,2.1204284847501147,367.78541327611345
2023-01-25 03:00:00,2.3872127810867982,356.27581692042105
2023-01-25 04:00:00,5.454185456969331,427.85719445787504
2023-01-25 05:00:00,2.9120230213854725,389.4650434068926
2023-01-25 06:00:00,2.1506380371414258,402.13117287497033
2023-01-25 07:00:00,4.02298088972384,364.86070686023686
2023-01-25 08:00:00,4.188937632017986,565.4644973424047
2023-01-25 09:00:00,2.1209481831860715,563.9168692375783
2023-01-25 10:00:00,2.6138846617783567,565.8942137708402
2023-01-25 11:00:00,2.115874759620818,489.51212099604356
2023-01-25 12:00:00,2.358308428158466,453.75687043450574
2023-01-25 13:00:00,3.8304958744696878,458.1297361923743
2023-01-25 14:00:00,3.1609401883004393,569.5417634749525
2023-01-25 15:00:00,2.2267222441608188,609.2225142741843
2023-01-25 16:00:00,2.00514286720791,561.2888303946376
2023-01-25 17:00:00,3.5174122355724324,663.961006022878
2023-01-25 18:00:00,2.3229428308004563,577.0994227914914
2023-01-25 19:00:00,2.461924057056264,583.9613713921011
2023-01-25 20:00:00,2.1440480187046607,624.3398512537968
2023-01-25 21:00:00,2.1974516364141605,556.1954308736688
2023-01-25 22:00:00,2.2462990587080665,449.59170166334735
2023-01-25 23:00:00,2.013939266089669,470.03669694575785
2023-01-26 00:00:00,3.0980637903526365,383.71731443136
2023-01-26 01:00:00,3.1944990649748415,377.1755966937327
2023-01-26 02:00:00,4.2196326073864725,351.45090079817
2023-01-26 03:00:00,2.3243945664510903,342.39989673382826
2023-01-26 04:00:00,3.6514786966613118,320.4742218410755
2023-01-26 05:00:00,2.800430599006786,377.7641097249162
2023-01-26 06:00:00,2.067621502040276,524.3750371372221
2023-01-26 07:00:00,3.079650872729073,498.2983447299071
2023-01-26 08:00:00,2.455415497739968,364.109013706706
2023-01-26 09:00:00,4.276509884468423,558.476882054602
2023-01-26 10:00:00,2.395518293827014,599.7014026258275
2023-01-26 11:00:00,2.6909094560474576,533.3202806182549
2023-01-26 12:00:00,2.9334832932487043,508.13903364413085
2023-01-26 13:00:00,3.260742199186539,523.5531760452294
2023-01-26 14:00:00,2.2354072448078925,552.7377658492117
2023-01-26 15:00:00,2.698718721872589,635.8886454593024
2023-01-26 16:00:00,3.082232851792092,611.462594344992
2023-01-26 17:00:00,2.7117770672126795,566.4770038928305
2023-01-26 18:00:00,2.853740898905843,494.4447945069088
2023-01-26 19:00:00,2.5794546630723767,627.7470240122633
2023-01-26 20:00:00,4.869287945637992,527.8060836027194
2023-01-26 21:00:00,3.0584877293968695,597.0468134320491
2023-01-26 22:00:00,3.830083068377661,389.93338039967426
2023-01-26 23:00:00,2.9036472139730343,471.22596875206676
2023-01-27 00:00:00,2.2444543278387306,359.9088500601222
2023-01-27 01:00:00,2.6192089127265556,424.9662190313798
2023-01-27 02:00:00,2.2450647412876488,345.4967392180464
2023-01-27 03:00:00,2.2943701721626715,445.0942613046462
2023-01-27 04:00:00,2.067754345924567,329.22848707905024
2023-01-27 05:00:00,5.397355215798819,362.7921883961531
2023-01-27 06:00:00,2.51489422775111,485.83109353814706
2023-01-27 07:00:00,2.655776484910173,468.4914674146339
2023-01-27 08:00:00,2.633645329142081,582.7496115518987
2023-01-27 09:00:00,4.394897111021573,553.7446517656248
2023-01-27 10:00:00,2.2446401504027813,627.4127065888666
2023-01-27 11:00:00,2.779214657398069,518.0059043949832
2023-01-27 12:00:00,3.289552270251039,527.0603517191689
2023-01-27 13:00:00,4.494832734047193,576.2071490755235
2023-01-27 14:00:00,4.221608288803235,575.4635552449377
2023-01-27 15:00:00,2.577317904099254,596.677149070949
2023-01-27 16:00:00,3.2678033759763787,498.02021662099264
2023-01-27 17:00:00,3.148065578217169,525.4052063844335
2023-01-27 18:00:00,3.1635774664880394,528.2386649917885
2023-01-27 19:00:00,4.3834645553507094,671.0128787935682
2023-01-27 20:00:00,2.610534819801761,594.2918588194882
2023-01-27 21:00:00,6.917645708496172,588.0272291849151
2023-01-27 22:00:00,3.2616830872368774,420.73882273019
2023-01-27 23:00:00,3.2864336067534863,424.3628023246236
2023-01-28 00:00:00,2.498267467448662,346.65929264829845
2023-01-28 01:00:00,2.4903626730972266,310.12638437256624
2023-01-28 02:00:00,2.1353333769445944,306.05122458824866
2023-01-28 03:00:00,2.6562751625953753,282.9232591009811
2023-01-28 04:00:00,2.3790385011751476,367.69653899405535
2023-01-28 05:00:00,6.635217757391712,288.0657609523381
2023-01-28 06:00:00,7.096750617978238,433.05411147046374
2023-01-28 07:00:00,3.567137224331942,398.24571478544703
2023-01-28 08:00:00,2.8265300304604484,446.2473524201159
2023-01-28 09:00:00,2.2816415370197913,518.9370075333308
2023-01-28 10:00:00,3.4887721737506046,466.11561659159844
2023-01-28 11:00:00,3.0956116469810606,456.1680481515106
2023-01-28 12:00:00,3.4307690903940515,595.9883892949077
2023-01-28 13:00:00,2.1863362390960175,486.4693951287268
2023-01-28 14:00:00,3.095834938106739,426.1999360984322
2023-01-28 15:00:00,2.1337555599198152,460.91914305964207
2023-01-28 16:00:00,4.223277734557416,491.9573597962036
2023-01-28 17:00:00,2.0485054621398096,516.926628851248
2023-01-28 18:00:00,3.32605873483268,441.34220692413396
2023-01-28 19:00:00,2.2609423724663147,507.36403324708044
2023-01-28 20:00:00,5.135187332353714,456.1797415275951
2023-01-28 21:00:00,2.7446125472248952,489.69265270526716
2023-01-28 22:00:00,7.187188786627923,386.16104636107764
2023-01-28 23:00:00,3.2592107108726864,409.36191098473364
2023-01-29 00:00:00,3.289717936232271,337.13999870101236
2023-01-29 01:00:00,2.9320454145850285,246.24071753490713
2023-01-29 02:00:00,2.252616228025616,308.9976938418929
2023-01-29 03:00:00,2.491469580061565,393.4086094151132
2023-01-29 04:00:00,5.179794349218939,338.7590316462999
2023-01-29 05:00:00,2.5058033937943787,322.6115347157034
2023-01-29 06:00:00,2.4064958574463455,388.1651968262982
2023-01-29 07:00:00,2.403198488747404,456.5885098392016
2023-01-29 08:00:00,2.963832130527152,380.7346658716638
2023-01-29 09:00:00,3.6282611143705976,442.1833240725944
2023-01-29 10:00:00,2.739267181204134,366.96155648899827
2023-01-29 11:00:00,2.0932874135163786,491.1266431902285
2023-01-29 12:00:00,2.246367070444906,496.5408254555811
2023-01-29 13:00:00,3.8534353041680194,416.2284230754618
2023-01-29 14:00:00,2.467391493526013,505.59311690528506
2023-01-29 15:00:00,3.3654643007029805,435.6958901310665
2023-01-29 16:00:00,2.387931914963311,469.97761554170074
2023-01-29 17:00:00,2.9125880655925083,497.524921812471
2023-01-29 18:00:00,2.5983130863548105,546.380555935715
2023-01-29 19:00:00,2.2092351117341367,489.0623118351132
2023-01-29 20:00:00,6.871859808425299,487.6922290515376
2023-01-29 21:00:00,3.417275137616953,562.1915132910318
2023-01-29 22:00:00,2.599084880078051,345.92045968654656
2023-01-29 23:00:00,2.8566565748368604,421.7354071958086
2023-01-30 00:00:00,5.203049275003693,367.8047309381538
2023-01-30 01:00:00,2.07159091851254,404.34109068246045
2023-01-30 02:00:00,4.157939662810098,364.31948713337687
2023-01-30 03:00:00,3.9459966083586155,429.79780501066614
2023-01-30 04:00:00,6.418043651614804,375.33047598153706
2023-01-30 05:00:00,2.832865422157807,376.1982994471122
2023-01-30 06:00:00,2.5526737208611285,481.3517653970993
2023-01-30 07:00:00,2.0800678582918954,484.7096637780743
2023-01-30 08:00:00,2.9848393050371635,567.1265868260676
2023-01-30 09:00:00,2.091735778294449,513.1122336744404
2023-01-30 10:00:00,2.4473939286149404,546.6079857981342
2023-01-30 11:00:00,4.574541019105706,616.7898307708641
2023-01-30 12:00:00,2.1443074986753548,545.3789255469377
2023-01-30 13:00:00,3.5501029021792108,497.51310263680773
2023-01-30 14:00:00,2.3628551561749043,498.19165445387137
2023-01-30 15:00:00,2.7960299505961728,521.3982984534082
2023-01-30 16:00:00,2.3100833550958013,496.7814327827124
2023-01-30 17:00:00,2.0427692913761635,548.0909953622619
2023-01-30 18:00:00,3.7365703449910876,732.8302678239676
2023-01-30 19:00:00,3.38311830841618,713.7781550921991
2023-01-30 20:00:00,2.304275093858198,640.9282671474691
2023-01-30 21:00:00,2.426259893662537,579.6971591240651
2023-01-30 22:00:00,2.04358643659474,453.065685076244
2023-01-30 23:00:00,3.0579954476016766,446.1343662652455
2023-01-31 00:00:00,3.492227589698713,418.09260820797044
2023-01-31 01:00:00,2.115441634705597,419.6524723865024
2023-01-31 02:00:00,3.320531577787559,360.45984079875564
2023-01-31 03:00:00,2.1153833853227404,382.0890264091382
2023-01-31 04:00:00,2.414842492393584,335.9623841750472
2023-01-31 05:00:00,3.5172336741583834,420.5512312176967
2023-01-31 06:00:00,4.8175774569065295,569.1916966186647
2023-01-31 07:00:00,2.1040474037960797,506.199056168572
2023-01-31 08:00:00,3.232902567763862,519.7471301527335
2023-01-31 09:00:00,2.2740548807198824,671.0705104029747
2023-01-31 10:00:00,4.2991672097548825,589.0859711528564
2023-01-31 11:00:00,2.573271650184167,503.5476535722018
2023-01-31 12:00:00,3.0150113611733116,480.51255070802785
2023-01-31 13:00:00,2.2259810680793506,566.7781478687563
2023-01-31 14:00:00,3.0181246415719487,489.50539953804355
2023-01-31 15:00:00,3.314413109792026,609.6438968781189
2023-01-31 16:00:00,2.8172483388635587,521.7873429379401
2023-01-31 17:00:00,4.395939129469861,574.2132436278429
2023-01-31 18:00:00,3.175442463942007,624.0201864039853
2023-01-31 19:00:00,4.005514068385619,624.3666434541667
2023-01-31 20:00:00,2.311130217003266,543.1347887895297
2023-01-31 21:00:00,3.6846310117445893,630.6753605678007
2023-01-31 22:00:00,2.1766566350131167,446.51599529956917
2023-01-31 23:00:00,2.7711109047908034,378.274298250379
2023-02-01 00:00:00,2.9275179365147093,398.42805094030524
2023-02-01 01:00:00,3.3771769397650377,406.33920085501387
2023-02-01 02:00:00,2.644855201955811,375.0445513268808
2023-02-01 03:00:00,4.632702068479867,445.17137455698617
2023-02-01 04:00:00,2.1008069012276027,433.01567429260297
2023-02-01 05:00:00,2.564712891548977,408.28461448043845
2023-02-01 06:00:00,3.025593326131257,481.9696053588331
2023-02-01 07:00:00,4.768089239085862,529.9592548610398
2023-02-01 08:00:00,4.176915781342261,450.3714437354525
2023-02-01 09:00:00,2.0222710861367106,401.7072049210092
2023-02-01 10:00:00,2.4347448585985467,538.9490283718749
2023-02-01 11:00:00,3.2911988784269917,660.5872038956502
2023-02-01 12:00:00,2.019376700072276,650.5911969642416
2023-02-01 13:00:00,3.1140029504639672,511.10269350014744
2023-02-01 14:00:00,2.4230669611781144,547.1407996265262
2023-02-01 15:00:00,2.186148693778718,615.6441464493445
2023-02-01 16:00:00,2.426003938632295,580.563917421057
2023-02-01 17:00:00,3.664569290959487,583.8582461877431
2023-02-01 18:00:00,3.796269638440176,698.7741500013778
2023-02-01 19:00:00,2.2576872194236888,592.6082349173022
2023-02-01 20:00:00,3.523258598779708,602.4455619326129
2023-02-01 21:00:00,2.4090254575207073,561.2695460421039
2023-02-01 22:00:00,2.291141845990418,546.7086646452651
2023-02-01 23:00:00,2.9964972309255673,444.5374279602322
2023-02-02 00:00:00,2.043465449446029,394.3394836178257
2023-02-02 01:00:00,3.9233409942872632,440.09975708433046
2023-02-02 02:00:00,5.047367067220973,380.12060417334703
2023-02-02 03:00:00,3.052958213480954,402.0596348822761
2023-02-02 04:00:00,3.630003874111871,410.43244724619075
2023-02-02 05:00:00,3.242615709015439,450.87600200625417
2023-02-02 06:00:00,2.4529859420128726,430.35038642672833
2023-02-02 07:00:00,2.7958138062161026,505.8497661115894
2023-02-02 08:00:00,2.389410407978901,492.01546023350045
2023-02-02 09:00:00,3.474333653294508,584.8126701225633
2023-02-02 10:00:00,3.1237689859868425,561.7436366903013
2023-02-02 11:00:00,2.5437899338903165,605.0934863020817
2023-02-02 12:00:00,4.7507486985521155,559.7353272330497
2023-02-02 13:00:00,2.966673119199419,515.3686917911893
2023-02-02 14:00:00,2.872669132544197,562.6456710909621
2023-02-02 15:00:00,3.2036900467919045,492.7858366851679
2023-02-02 16:00:00,2.051499397938789,449.92368792630117
2023-02-02 17:00:00,2.216023687600768,585.4158496651903
2023-02-02 18:00:00,2.089494626923582,610.0974732050937
2023-02-02 19:00:00,2.8287688205368866,474.83900760959784
2023-02-02 20:00:00,2.4478134063699057,684.4041064340892
2023-02-02 21:00:00,2.0696284192022256,515.2333571937057
2023-02-02 22:00:00,2.2955014520108623,433.4655450707304
2023-02-02 23:00:00,2.912692074847296,489.32225796317647
2023-02-03 00:00:00,2.6056192837834766,339.862398548575
2023-02-03 01:00:00,5.274943864627145,379.9329582694042
2023-02-03 02:00:00,4.4661963356410315,396.94084818705335
2023-02-03 03:00:00,2.346168542081607,447.2191099814775
2023-02-03 04:00:00,2.5240566233173194,475.30588174663404
2023-02-03 05:00:00,2.533094595563763,414.3857141223664
2023-02-03 06:00:00,2.495578012569658,456.9667108878868
2023-02-03 07:00:00,3.6123074784045546,516.4353128372909
2023-02-03 08:00:00,4.000355193108881,503.8341900429994
2023-02-03 09:00:00,2.2844899888182644,595.6107429967715
2023-02-03 10:00:00,2.885692711974203,595.5838720692069
2023-02-03 11:00:00,4.18183074434404,568.481709566105
2023-02-03 12:00:00,2.966096714347798,592.1188062796518
2023-02-03 13:00:00,2.215768293951215,521.0083815464517
2023-02-03 14:00:00,2.660921875606019,497.1479234733003
2023-02-03 15:00:00,2.384891130899215,480.8847524778214
2023-02-03 16:00:00,3.6521626298465812,511.29032043947615
2023-02-03 17:00:00,6.503102647258681,605.7275206843852
2023-02-03 18:00:00,2.332951349399578,644.5947039004725
2023-02-03 19:00:00,2.2866000796565324,616.694652616293
2023-02-03 20:00:00,2.764809925952752,492.33733539838136
2023-02-03 21:00:00,2.190712402487036,585.2255046376716
2023-02-03 22:00:00,2.768011035836258,434.64695102502026
2023-02-03 23:00:00,2.5593539238219236,506.64248033498825
2023-02-04 00:00:00,2.5886242494701013,329.6993962819715
2023-02-04 01:00:00,2.8079107104708276,319.82502563628196
2023-02-04 02:00:00,2.50344047071105,352.5648814058379
2023-02-04 03:00:00,2.965453256271839,315.6762582166182
2023-02-04 04:00:00,2.0920401222692644,380.15740433551133
2023-02-04 05:00:00,2.0218174560843396,380.9417047940961
2023-02-04 06:00:00,2.030091543763582,370.145418739727
2023-02-04 07:00:00,3.9798528405611173,409.0125111888274
2023-02-04 08:00:00,4.038699002672872,436.5125092638889
2023-02-04 09:00:00,2.3019924802072755,421.6475913352017
2023-02-04 10:00:00,2.125488339184632,425.023734328204
2023-02-04 11:00:00,2.2300855503348007,457.7775597275678
2023-02-04 12:00:00,2.774306742806179,519.2560212156743
2023-02-04 13:00:00,2.608591812506922,469.58340793128195
2023-02-04 14:00:00,3.678025215070722,387.28210210928836
2023-02-04 15:00:00,2.5137589049369278,437.504141477505
2023-02-04 16:00:00,4.318745987423945,479.6887523764016
2023-02-04 17:00:00,2.8639813974466657,544.1346414016521
2023-02-04 18:00:00,2.401884297002444,537.0897564228645
2023-02-04 19:00:00,2.202697882089789,477.9082893294147
2023-02-04 20:00:00,3.0470888583116102,456.01111809314966
2023-02-04 21:00:00,2.592716279391216,583.6960834075866
2023-02-04 22:00:00,2.1439608272247157,416.5378442199655
2023-02-04 23:00:00,2.5355301622778557,372.1723013352945
2023-02-05 00:00:00,4.023695869309794,301.69898456470816
2023-02-05 01:00:00,3.40367255666132,281.85864240688556
2023-02-05 02:00:00,2.5160426728165115,331.2022877823392
2023-02-05 03:00:00,3.541418125652948,323.38179141993896
2023-02-05 04:00:00,2.149851476153744,311.5822872829624
2023-02-05 05:00:00,2.153457262618389,361.01762530857854
2023-02-05 06:00:00,2.014138214581583,501.1422915944477
2023-02-05 07:00:00,2.2156798643122837,424.85799946532313
2023-02-05 08:00:00,2.906360909808857,384.3310264256199
2023-02-05 09:00:00,2.282589681206216,375.26935877532827
2023-02-05 10:00:00,3.511633730576482,455.17790877637174
2023-02-05 11:00:00,4.5686163586822355,499.3632845944662
2023-02-05 12:00:00,2.437224646907006,466.034498948981
2023-02-05 13:00:00,2.864755599345009,434.9796822694989
2023-02-05 14:00:00,2.6021374479492265,490.9675184556692
2023-02-05 15:00:00,4.205540561033713,525.570508123477
2023-02-05 16:00:00,3.6101175828189405,487.91463397854335
2023-02-05 17:00:00,3.50357520686219,411.2732028556189
2023-02-05 18:00:00,2.6523679489351606,537.0188072424835
2023-02-05 19:00:00,3.437048850135791,461.24536339465516
2023-02-05 20:00:00,2.4422743197973817,613.97482236208
2023-02-05 21:00:00,4.196735955781357,611.7892593813368
2023-02-05 22:00:00,2.3494539477384038,366.3777290745834
2023-02-05 23:00:00,3.4145322202079207,443.0356623214604
2023-02-06 00:00:00,2.5962811159304247,352.25435817314275
2023-02-06 01:00:00,3.520040927729492,400.1017922142881
2023-02-06 02:00:00,2.3984637250981526,417.1487504868355
2023-02-06 03:00:00,2.151040393012274,368.2442311657169
2023-02-06 04:00:00,2.0374968536135474,453.33941421572365
2023-02-06 05:00:00,2.5505114763591066,393.05750053023706
2023-02-06 06:00:00,3.1358557157416156,530.3399728860094
2023-02-06 07:00:00,2.8446252857052112,578.3719935688356
2023-02-06 08:00:00,2.263842301929681,484.9107893135418
2023-02-06 09:00:00,2.1305489937816873,560.3835938598363
2023-02-06 10:00:00,2.1213472913393217,613.6569037039293
2023-02-06 11:00:00,2.351699156933911,579.5905976919
2023-02-06 12:00:00,3.379932156763536,624.0959437400758
2023-02-06 13:00:00,2.4813287296031583,536.537462832184
2023-02-06 14:00:00,2.3747160464579835,589.0685633532728
2023-02-06 15:00:00,2.0478092205483014,640.6225016376045
2023-02-06 16:00:00,2.322144432072181,465.9531073021264
2023-02-06 17:00:00,2.2157805848071486,581.4512070346221
2023-02-06 18:00:00,4.0770948239334075,757.8084576868924
2023-02-06 19:00:00,3.1528137057547863,585.5407044271703
2023-02-06 20:00:00,3.15258283050651,628.0002477340342
2023-02-06 21:00:00,3.58904918289332,493.2891820580809
2023-02-06 22:00:00,2.008752974656682,400.19212977966083
2023-02-06 23:00:00,3.7580309724806225,414.5284799470988
2023-02-07 00:00:00,3.0475774486879548,420.4824414564038
2023-02-07 01:00:00,2.6108972235645536,342.7080303546949
2023-02-07 02:00:00,4.2441458321238805,351.2450846422146
2023-02-07 03:00:00,2.3030156935332853,338.26220416499876
2023-02-07 04:00:00,5.121803920017434,358.53382291358815
2023-02-07 05:00:00,2.0735517501124465,436.9300096420085
2023-02-07 06:00:00,2.0794506393432015,532.7381464308611
2023-02-07 07:00:00,2.421696626316552,541.5825847870992
2023-02-07 08:00:00,2.741694493540667,464.5619117947548
2023-02-07 09:00:00,3.073345893289922,502.45523359897624
2023-02-07 10:00:00,2.536005672848572,569.4155151748936
2023-02-07 11:00:00,3.2819674235374583,555.7345916314355
2023-02-07 12:00:00,2.782570678415195,561.7217065998038
2023-02-07 13:00:00,3.359580246133684,590.5975933299823
2023-02-07 14:00:00,2.5950665106716837,584.184999253797
2023-02-07 15:00:00,3.9447741764054447,575.7325610230497
2023-02-07 16:00:00,2.2306236556565318,530.1516295607432
2023-02-07 17:00:00,5.079637951171122,542.7653070439062
2023-02-07 18:00:00,3.6624514228656437,745.4541556036738
2023-02-07 19:00:00,5.075681802967209,617.9168693496274
2023-02-07 20:00:00,2.042497448607606,558.4785163150755
2023-02-07 21:00:00,2.0528269127215384,629.6297937491651
2023-02-07 22:00:00,4.237562781695408,375.4461160867675
2023-02-07 23:00:00,3.731217487878063,401.98916406077444
2023-02-08 00:00:00,2.5953234543145274,365.95938052407655
2023-02-08 01:00:00,3.626939744493379,507.3786623223227
2023-02-08 02:00:00,3.9806959220337594,391.9703989608038
2023-02-08 03:00:00,3.4999058957598783,374.45333781755875
2023-02-08 04:00:00,2.5990673345283715,414.9403953824734
2023-02-08 05:00:00,3.327841605137081,395.7563594630508
2023-02-08 06:00:00,2.631938251964108,498.4061879355784
2023-02-08 07:00:00,2.4553695527201094,545.8955992739444
2023-02-08 08:00:00,5.820554823721833,591.3646827085752
2023-02-08 09:00:00,2.855283106019518,570.8823756296582
2023-02-08 10:00:00,2.1978592016489302,635.271640464237
2023-02-08 11:00:00,3.348728810006758,579.068779184288
2023-02-08 12:00:00,5.2906088634854544,532.5912653416751
2023-02-08 13:00:00,2.3711091114056866,574.2774731160432
2023-02-08 14:00:00,2.6118843537342946,435.7977856899578
2023-02-08 15:00:00,3.8266458510188563,631.0302227390707
2023-02-08 16:00:00,3.1197069797466486,634.3994995244287
2023-02-08 17:00:00,2.272106241564516,645.132377429017
2023-02-08 18:00:00,2.8533845565857248,557.6726304478851
2023-02-08 19:00:00,4.049417640218253,640.2935073701592
2023-02-08 20:00:00,3.1739402345167402,604.5866777727647
2023-02-08 21:00:00,2.3042901088722045,713.3601785432646
2023-02-08 22:00:00,3.7623892694507255,488.0595483130157
2023-02-08 23:00:00,5.027263297125771,453.804978168799
2023-02-09 00:00:00,2.208721558259634,401.0553501420181
2023-02-09 01:00:00,5.825591313150472,443.50626453102103
2023-02-09 02:00:00,4.2819471937502875,386.6917422318622
2023-02-09 03:00:00,2.309582984864255,423.91794140524496
2023-02-09 04:00:00,2.18169318663178,381.04671766353687
2023-02-09 05:00:00,4.736546799130988,415.01142197702853
2023-02-09 06:00:00,2.538162602966169,511.7522138623952
2023-02-09 07:00:00,2.7216570085944563,490.560854863246
2023-02-09 08:00:00,2.4442096923917513,533.5808255724191
2023-02-09 09:00:00,2.2421096655501986,526.8925364902053
2023-02-09 10:00:00,5.418283924486874,626.7488688167396
2023-02-09 11:00:00,2.0433752715580895,492.7433710698175
2023-02-09 12:00:00,5.740021751443129,553.4476340087841
2023-02-09 13:00:00,3.0610996827825314,586.0637702227683
2023-02-09 14:00:00,2.7358470657695637,526.0327441756913
2023-02-09 15:00:00,2.4896713591341477,559.6661903633787
2023-02-09 16:00:00,2.520017667539179,635.6208017936469
2023-02-09 17:00:00,4.117911970753058,632.6655368790695
2023-02-09 18:00:00,3.4500307251371165,717.2862285411318
2023-02-09 19:00:00,3.7494596102171993,530.9395930007199
2023-02-09 20:00:00,2.4738235718663044,616.5244455910251
2023-02-09 21:00:00,2.671577785775882,712.3581393982557
2023-02-09 22:00:00,2.4516220854485744,371.1101253439624
2023-02-09 23:00:00,2.3838253750115155,438.2047862597273
2023-02-10 00:00:00,2.8305223523304015,410.90583778279716
2023-02-10 01:00:00,3.3103389042178546,320.20132860795917
2023-02-10 02:00:00,2.141963091257812,343.0491413642415
2023-02-10 03:00:00,2.192884184533349,355.9695895627443
2023-02-10 04:00:00,2.477222931183154,406.11760446122855
2023-02-10 05:00:00,3.824898233654184,413.87360474815915
2023-02-10 06:00:00,2.1051102981006005,565.3381515189586
2023-02-10 07:00:00,4.64284528901376,556.990653266489
2023-02-10 08:00:00,2.3561402494957706,425.4850433608742
2023-02-10 09:00:00,4.738812035854507,610.14575480209
2023-02-10 10:00:00,2.0538633451422315,553.783679356576
2023-02-10 11:00:00,2.0197848564432865,565.2492937332008
2023-02-10 12:00:00,2.5796557221968763,613.157515004505
2023-02-10 13:00:00,2.6027905512862186,536.8404645220572
2023-02-10 14:00:00,2.240680494116171,500.3535782447139
2023-02-10 15:00:00,4.525279482867729,605.4448435852918
2023-02-10 16:00:00,2.0495671857378124,584.0479100452417
2023-02-10 17:00:00,2.027708916357214,575.1182434784222
2023-02-10 18:00:00,4.03910675275122,595.9963034033902
2023-02-10 19:00:00,2.3907960921091433,609.4103551623915
2023-02-10 20:00:00,2.6049351055728476,602.1789060169201
2023-02-10 21:00:00,2.6807607721557787,585.0200241256315
2023-02-10 22:00:00,2.163696769780702,452.73227519208433
2023-02-10 23:00:00,5.736256222619971,513.9814294460793
2023-02-11 00:00:00,2.2646094870676636,373.242104888435
2023-02-11 01:00:00,2.412923250365065,277.6392190085638
2023-02-11 02:00:00,3.435333109837108,379.6306420667386
2023-02-11 03:00:00,2.236798062086036,338.27215378253834
2023-02-11 04:00:00,2.380434143678344,310.93140822153003
2023-02-11 05:00:00,2.0724823649545723,326.58392905731256
2023-02-11 06:00:00,2.055311220827195,475.7765568662853
2023-02-11 07:00:00,2.2879945978277223,457.4373071919079
2023-02-11 08:00:00,2.6815229740571174,475.141688730854
2023-02-11 09:00:00,2.393236726293762,492.5467447245924
2023-02-11 10:00:00,2.428689568640072,440.7357508078059
2023-02-11 11:00:00,2.0686886679983822,425.5810210557104
2023-02-11 12:00:00,2.4392655612350405,450.44777354082623
2023-02-11 13:00:00,2.9777172261975293,495.0829532709116
2023-02-11 14:00:00,3.3661317600043255,526.9432714488194
2023-02-11 15:00:00,2.2009701449513304,462.0614181286821
2023-02-11 16:00:00,2.8341199172899305,464.9369729621082
2023-02-11 17:00:00,2.5752760379211304,499.18576090088106
2023-02-11 18:00:00,2.2775098617391913,497.67129049912484
2023-02-11 19:00:00,2.0694766756789416,583.2343681559887
2023-02-11 20:00:00,4.112424854143782,590.7563976247257
2023-02-11 21:00:00,4.075001935664849,553.9017455675286
2023-02-11 22:00:00,2.0112656805983855,403.382073761553
2023-02-11 23:00:00,2.7372233745717565,347.3121888461548
2023-02-12 00:00:00,2.760960256299096,338.7876827170681
2023-02-12 01:00:00,3.097598015083131,323.3431657548289
2023-02-12 02:00:00,4.356416087125162,332.57113129973135
2023-02-12 03:00:00,4.386599324019905,315.8491233220122
2023-02-12 04:00:00,4.109221965013795,268.8415790670075
2023-02-12 05:00:00,3.216453161322485,341.87739131982926
2023-02-12 06:00:00,2.686674969932083,368.9511161495124
2023-02-12 07:00:00,5.036876667554409,458.7729721448049
2023-02-12 08:00:00,2.9372200031900504,403.6038459514227
2023-02-12 09:00:00,3.390373750906847,500.1480767578483
2023-02-12 10:00:00,2.4059326622985218,442.62068527245947
2023-02-12 11:00:00,2.5614708618297537,499.4854582693329
2023-02-12 12:00:00,4.522907031474526,424.2863586885096
2023-02-12 13:00:00,4.935644562664951,439.143496636531
2023-02-12 14:00:00,2.392737678183588,552.5571104779333
2023-02-12 15:00:00,2.9696462327670656,430.59758804107094
2023-02-12 16:00:00,3.054097398107388,483.8011342231825
2023-02-12 17:00:00,2.0018311870313603,459.42068946872064
2023-02-12 18:00:00,2.4278682502503255,470.97437466310475
2023-02-12 19:00:00,2.130240710535638,431.83119696345443
2023-02-12 20:00:00,3.247245592494965,440.8737787018099
2023-02-12 21:00:00,3.8528714743568933,542.7383647488036
2023-02-12 22:00:00,2.457691258682157,420.3983390337487
2023-02-12 23:00:00,2.4223181361820103,374.884098716004
2023-02-13 00:00:00,3.1860510805928435,425.72645429803424
2023-02-13 01:00:00,2.325305207660834,414.52656249513257
2023-02-13 02:00:00,2.0788997450243074,376.1083806908891
2023-02-13 03:00:00,2.043144721951919,346.0190312004843
2023-02-13 04:00:00,2.7979587651461095,472.86700463164794
2023-02-13 05:00:00,2.025096083749215,343.10896523211863
2023-02-13 06:00:00,5.864971606687229,528.2246828807517
2023-02-13 07:00:00,3.6830941363573553,589.3348521294563
2023-02-13 08:00:00,2.14145957722901,472.6560139052442
2023-02-13 09:00:00,3.033388210544572,609.4892408044582
2023-02-13 10:00:00,2.463871278939881,582.0799739712753
2023-02-13 11:00:00,2.0540230996906184,589.4541287639836
2023-02-13 12:00:00,3.33432466383704,576.7052625504366
2023-02-13 13:00:00,2.554393862326114,679.1223807813495
2023-02-13 14:00:00,2.7981983549132314,573.7262567995277
2023-02-13 15:00:00,2.436463972437046,528.954342103686
2023-02-13 16:00:00,2.28933840892057,573.2646863324118
2023-02-13 17:00:00,2.480312123408074,561.4867986373113
2023-02-13 18:00:00,3.2752295878646707,566.545083473239
2023-02-13 19:00:00,2.9361341149430684,594.6158769932405
2023-02-13 20:00:00,2.912707879752564,653.0785741127596
2023-02-13 21:00:00,2.272062189194773,651.413812835308
2023-02-13 22:00:00,3.465885601390498,470.18785019612545
2023-02-13 23:00:00,2.394622032448674,445.8643425469885
2023-02-14 00:00:00,2.031131510678919,442.762712228509
2023-02-14 01:00:00,3.2180870241066364,380.18408510096685
2023-02-14 02:00:00,2.074717041898051,356.2008526905042
2023-02-14 03:00:00,2.496471721440543,400.276890178315
2023-02-14 04:00:00,2.6201112415734187,450.2793450247733
2023-02-14 05:00:00,2.385027775558074,354.5469650807781
2023-02-14 06:00:00,2.402373785913676,583.4862138647886
2023-02-14 07:00:00,3.5178074037893396,541.6191976769114
2023-02-14 08:00:00,4.221937166939855,507.066321827437
2023-02-14 09:00:00,2.402638166023456,636.4700317052944
2023-02-14 10:00:00,2.615663828014686,584.3106510288718
2023-02-14 11:00:00,2.5049545253263337,465.2887875609291
2023-02-14 12:00:00,2.053950717722701,621.450797570627
2023-02-14 13:00:00,2.049463232414858,620.2596296417402
2023-02-14 14:00:00,7.242090940592371,500.4303196517365
2023-02-14 15:00:00,2.277257303472332,553.15316850382
2023-02-14 16:00:00,2.6337608800527965,418.7668768451135
2023-02-14 17:00:00,3.288222342800907,668.7930711552132
2023-02-14 18:00:00,4.443341816463488,512.5681422579415
2023-02-14 19:00:00,2.3144928986808346,584.1545352765444
2023-02-14 20:00:00,2.505508300604072,519.9884112465832
2023-02-14 21:00:00,2.9596031497052886,623.7522642994992
2023-02-14 22:00:00,2.0995159548000917,466.40034560856816
2023-02-14 23:00:00,2.0672140772284107,402.39718296684737
2023-02-15 00:00:00,2.0749908344198897,410.51721448273406
2023-02-15 01:00:00,5.420770002495074,363.4912354639546
2023-02-15 02:00:00,2.807523884877054,425.43032509957123
2023-02-15 03:00:00,5.71400859780443,365.9113282342945
2023-02-15 04:00:00,2.0729519837185277,353.5742779293543
2023-02-15 05:00:00,5.639789154585543,455.75989651373425
2023-02-15 06:00:00,2.7424353224482783,575.980776051241
2023-02-15 07:00:00,2.012640887830909,466.21869589144524
2023-02-15 08:00:00,2.6182674905187775,493.46857646320865
2023-02-15 09:00:00,2.638279506216868,690.9495481937603
2023-02-15 10:00:00,2.773359141327146,593.6674937196753
2023-02-15 11:00:00,2.1999763105148493,589.4143477847832
2023-02-15 12:00:00,2.362819372613681,557.8758115321864
2023-02-15 13:00:00,2.634432485444046,612.9418760449552
2023-02-15 14:00:00,4.463752032894714,672.5861250168377
2023-02-15 15:00:00,2.7415818883116945,584.4436304855444
2023-02-15 16:00:00,3.8964124055264633,611.1844290899769
2023-02-15 17:00:00,3.236020476206485,725.5919008919441
2023-02-15 18:00:00,5.0231848576018105,592.3298262815692
2023-02-15 19:00:00,3.018629873783696,726.228237429638
2023-02-15 20:00:00,2.0389154474441917,618.9495967024593
2023-02-15 21:00:00,2.2167860183600148,620.2531906854762
2023-02-15 22:00:00,2.131047290621722,425.18600039391487
2023-02-15 23:00:00,2.346272899860564,477.7074587786454
2023-02-16 00:00:00,2.4939156724351723,330.7047462897126
2023-02-16 01:00:00,2.3070553918687957,362.22308895763
2023-02-16 02:00:00,2.6271656292565773,398.1542461884063
2023-02-16 03:00:00,4.141049471088738,389.9752080436421
2023-02-16 04:00:00,3.1909342097307887,431.06803969848625
2023-02-16 05:00:00,2.0870247755587483,436.29714311932105
2023-02-16 06:00:00,2.2780695245421483,505.3695308476677
2023-02-16 07:00:00,2.884617045817253,623.8165916224326
2023-02-16 08:00:00,5.151781647589896,553.1389780274403
2023-02-16 09:00:00,2.405208063125872,537.787174051888
2023-02-16 10:00:00,2.4753006231188324,558.7394992075282
2023-02-16 11:00:00,3.8831882474194837,582.690118192881
2023-02-16 12:00:00,3.165508513177382,602.5065051763321
2023-02-16 13:00:00,3.7629202073153865,527.4848008337635
2023-02-16 14:00:00,2.884085312701467,599.7499358932267
2023-02-16 15:00:00,3.017216658821206,599.8190933409709
2023-02-16 16:00:00,2.818490209642969,553.7657552429882
2023-02-16 17:00:00,3.6715273277383353,638.1578645307617
2023-02-16 18:00:00,3.666873389801787,681.7350565455326
2023-02-16 19:00:00,2.6581917928140286,660.9721114747417
2023-02-16 20:00:00,2.535540585877021,630.3964840658001
2023-02-16 21:00:00,3.379357188865489,656.3668137828347
2023-02-16 22:00:00,2.118109174934052,416.20293888565647
2023-02-16 23:00:00,2.8816634916987693,379.7622754076081
2023-02-17 00:00:00,2.1096874151451903,347.9390618424838
2023-02-17 01:00:00,2.7765736830630785,423.90984313583607
2023-02-17 02:00:00,2.531551027772131,327.9576129733086
2023-02-17 03:00:00,2.9693309598572646,356.5417292724142
2023-02-17 04:00:00,2.5718308795523317,424.54176888888907
2023-02-17 05:00:00,2.0592930577927673,453.4039572801271
2023-02-17 06:00:00,2.631540539910488,532.54208288646
2023-02-17 07:00:00,6.075413579136183,548.7604797144281
2023-02-17 08:00:00,3.6607269459491283,519.036125090757
2023-02-17 09:00:00,2.3936243411117175,640.3757144262747
2023-02-17 10:00:00,3.2259748445504473,628.8062639816682
2023-02-17 11:00:00,4.797316292312379,492.6623570278315
2023-02-17 12:00:00,3.1394203289320286,572.5026760144001
2023-02-17 13:00:00,2.1500890821367045,610.8107318426494
2023-02-17 14:00:00,2.8950277380125824,517.8181131854758
2023-02-17 15:00:00,2.747206763397895,478.3392192134953
2023-02-17 16:00:00,5.302546331642577,513.8566064226633
2023-02-17 17:00:00,2.135370464951512,798.762984272925
2023-02-17 18:00:00,3.034402346263951,734.3407484990853
2023-02-17 19:00:00,2.0994630339393088,625.4119379705761
2023-02-17 20:00:00,2.5097161055824913,611.2400304899389
2023-02-17 21:00:00,4.563526587327909,676.5124696980738
2023-02-17 22:00:00,2.610984596636409,443.2766231633359
2023-02-17 23:00:00,3.955684985328177,425.6232303704513
2023-02-18 00:00:00,3.1133852023021147,289.91838744016417
2023-02-18 01:00:00,2.337842778075207,350.3597989381034
2023-02-18 02:00:00,2.2224734037191856,369.98961164988117
2023-02-18 03:00:00,2.2320767610615313,325.63263947539235
2023-02-18 04:00:00,2.645296584692367,334.99589625825274
2023-02-18 05:00:00,2.3411918173666644,359.61828607693377
2023-02-18 06:00:00,2.5504585203959973,369.5977898432312
2023-02-18 07:00:00,4.189123730376595,509.96629281062894
2023-02-18 08:00:00,3.839286640725768,504.1419353298807
2023-02-18 09:00:00,2.1971900513503075,584.1968430227588
2023-02-18 10:00:00,2.2101728531115445,410.2404839608912
2023-02-18 11:00:00,2.3435680694310146,557.7799454143808
2023-02-18 12:00:00,2.1706203761043894,486.89436307312076
2023-02-18 13:00:00,3.9380636811944374,431.94857043178337
2023-02-18 14:00:00,2.4745577245638084,537.6277460479249
2023-02-18 15:00:00,2.068620999559496,549.3462015796447
2023-02-18 16:00:00,2.284222497509748,498.53193837392615
2023-02-18 17:00:00,2.842632202330603,621.4559694158033
2023-02-18 18:00:00,4.477315830207248,565.8473869245523
2023-02-18 19:00:00,2.476481428586696,475.9287715424767
2023-02-18 20:00:00,2.084457240792547,548.0394010822853
2023-02-18 21:00:00,3.6939660018166194,470.2904724027955
2023-02-18 22:00:00,4.133674641370992,421.70146529654363
2023-02-18 23:00:00,2.385968886389285,284.2898561737544
2023-02-19 00:00:00,2.4992477231390655,375.5330829599262
2023-02-19 01:00:00,2.202989231078775,291.17017324242903
2023-02-19 02:00:00,2.990690761375633,336.086682468933
2023-02-19 03:00:00,2.5134115195811084,312.7674035874237
2023-02-19 04:00:00,5.027852665666159,294.50945596623166
2023-02-19 05:00:00,4.206582609927775,311.49813025059416
2023-02-19 06:00:00,2.035718470677979,433.5272582366041
2023-02-19 07:00:00,6.774594864044412,438.76957582921136
2023-02-19 08:00:00,4.37963018083699,484.9754260576146
2023-02-19 09:00:00,2.5627835553979694,536.4225791335431
2023-02-19 10:00:00,4.292451218184517,515.515316629691
2023-02-19 11:00:00,2.1287994542959203,473.6832181348084
2023-02-19 12:00:00,2.8234235926638807,436.5262243766128
2023-02-19 13:00:00,3.0681895376072794,455.8100331901189
2023-02-19 14:00:00,2.43025089531795,521.3334419154339
2023-02-19 15:00:00,2.3372865550464628,579.5146084892093
2023-02-19 16:00:00,3.4767995465407493,533.4792464954477
2023-02-19 17:00:00,2.412232090442364,505.1776827363918
2023-02-19 18:00:00,4.375250425044202,545.784518417468
2023-02-19 19:00:00,2.650519225594265,566.1507660941159
2023-02-19 20:00:00,3.1777344263152703,575.5024767848702
2023-02-19 21:00:00,3.5699339625604223,590.1903079617574
2023-02-19 22:00:00,2.1907140199073156,387.2082884087852
2023-02-19 23:00:00,2.3513397084265444,399.97533496060123
2023-02-20 00:00:00,2.5328666581729538,476.2650672939208
2023-02-20 01:00:00,3.0060837347517753,455.09970015332954
2023-02-20 02:00:00,2.134504899158526,387.01040165368227
2023-02-20 03:00:00,2.0020810858022333,442.0830832860949
2023-02-20 04:00:00,2.2818465746696295,405.63407060728036
2023-02-20 05:00:00,2.0070490513390142,419.2978897199299
2023-02-20 06:00:00,2.181311572567792,518.0237208896176
2023-02-20 07:00:00,2.096381218262639,492.7842570524844
2023-02-20 08:00:00,2.0881163379573184,490.40416769175755
2023-02-20 09:00:00,2.033478358628008,547.5236285509335
2023-02-20 10:00:00,2.3218361843777937,619.2338246247058
2023-02-20 11:00:00,4.314806589585333,583.7250668413674
2023-02-20 12:00:00,3.8005342867054144,603.6470870232923
2023-02-20 13:00:00,2.5735983492138446,577.3533523197628
2023-02-20 14:00:00,2.209663083357485,556.6123806029393
2023-02-20 15:00:00,2.4836256700475494,501.0247294032733
2023-02-20 16:00:00,3.023838870681667,582.6316103482375
2023-02-20 17:00:00,4.3670632619234615,563.6118267859039
2023-02-20 18:00:00,4.908794136701992,626.8698699664163
2023-02-20 19:00:00,2.1068790231278816,554.0611649510778
2023-02-20 20:00:00,3.981914844081418,693.4818471177853
2023-02-20 21:00:00,3.0495618070503863,529.4832231363284
2023-02-20 22:00:00,2.2011761962790137,540.7128263636866
2023-02-20 23:00:00,3.3589132239622135,592.4242576080421
2023-02-21 00:00:00,2.1740462281983746,398.8029161513564
2023-02-21 01:00:00,2.283859930410493,439.2742483898808
2023-02-21 02:00:00,2.312952552954719,395.62804170755976
2023-02-21 03:00:00,2.1044379799145343,394.67905202535644
2023-02-21 04:00:00,2.484478067773926,347.0668956077943
2023-02-21 05:00:00,2.5978213736592175,342.8614982426703
2023-02-21 06:00:00,3.7838908777774662,542.3516526929171
2023-02-21 07:00:00,2.7122671593909957,582.9517277174111
2023-02-21 08:00:00,2.2887804569549473,537.0980072961181
2023-02-21 09:00:00,3.6315293578797436,615.3218591973871
2023-02-21 10:00:00,2.144480683203371,521.6148489264643
2023-02-21 11:00:00,3.921111027243515,511.65084998326097
2023-02-21 12:00:00,3.0852917442270167,716.3464780151506
2023-02-21 13:00:00,3.4553027404012417,597.7598797054853
2023-02-21 14:00:00,2.95213133945112,594.0736004460128
2023-02-21 15:00:00,4.510409917840465,590.4769161315216
2023-02-21 16:00:00,2.276400819234781,590.3933675043224
2023-02-21 17:00:00,2.5429459116273607,747.5294663890053
2023-02-21 18:00:00,4.000585432661688,644.0232323036237
2023-02-21 19:00:00,2.755171720014711,654.7683064367271
2023-02-21 20:00:00,4.037766787845227,723.7868494982918
2023-02-21 21:00:00,2.6688192194174833,540.834258683329
2023-02-21 22:00:00,4.240265765362707,410.00636855257716
2023-02-21 23:00:00,2.3752399546847585,503.4665855011734
2023-02-22 00:00:00,3.4990714321063576,404.64842582466787
2023-02-22 01:00:00,3.7383336785102,341.6470208913319
2023-02-22 02:00:00,2.653362033560113,461.4347086572194
2023-02-22 03:00:00,5.140756658028129,382.4398189100808
2023-02-22 04:00:00,2.472728165121936,399.7754792351259
2023-02-22 05:00:00,2.091418453647836,395.59052606743705
2023-02-22 06:00:00,2.980820050398316,519.8195845802352
2023-02-22 07:00:00,2.571011216111968,557.058585166248
2023-02-22 08:00:00,2.3819495406712665,522.4744201367456
2023-02-22 09:00:00,5.284039281793165,553.1887527920541
2023-02-22 10:00:00,4.400386583005252,612.64476569585
2023-02-22 11:00:00,2.660894904995156,632.6839872734033
2023-02-22 12:00:00,3.35904978954141,553.2347488432065
2023-02-22 13:00:00,2.374071140453427,623.5999917200292
2023-02-22 14:00:00,2.3892203137929826,591.2134836910444
2023-02-22 15:00:00,4.588524458517604,616.8501778691066
2023-02-22 16:00:00,2.098824830129439,604.2070242764943
2023-02-22 17:00:00,2.3023705666830763,626.0899836029996
2023-02-22 18:00:00,2.099624858493421,621.3962649193294
2023-02-22 19:00:00,4.99880499563246,692.6904804983315
2023-02-22 20:00:00,3.5949266832992093,686.6876206814915
2023-02-22 21:00:00,2.2046095242857837,520.5725764919193
2023-02-22 22:00:00,2.7184565669327183,463.5003264790238
2023-02-22 23:00:00,3.12403512205988,450.71613147796484
2023-02-23 00:00:00,3.973299694266131,418.1993465900659
2023-02-23 01:00:00,2.4573111973455903,356.93840822348307
2023-02-23 02:00:00,3.2395990454760923,386.0117514961259
2023-02-23 03:00:00,3.3735723238359787,413.5817977978324
2023-02-23 04:00:00,3.9446804746488313,374.18409355518116
2023-02-23 05:00:00,2.660875450227965,452.917992624981
2023-02-23 06:00:00,2.353460124822595,543.0656056308428
2023-02-23 07:00:00,3.2349267934179844,585.5220787344981
2023-02-23 08:00:00,3.1031752536798196,570.5254090490262
2023-02-23 09:00:00,3.1889580497824985,551.5298312756508
2023-02-23 10:00:00,2.4087430308959497,630.4498263589157
2023-02-23 11:00:00,2.6738612160445085,570.3479984166951
2023-02-23 12:00:00,3.1252052562737713,592.3154623165678
2023-02-23 13:00:00,3.057435992117207,629.8710361385683
2023-02-23 14:00:00,2.300716281421748,488.02270469046636
2023-02-23 15:00:00,2.7727907375262717,609.8770788304155
2023-02-23 16:00:00,2.2862045239336037,500.249964662956
2023-02-23 17:00:00,5.237357869007916,573.5277373308226
2023-02-23 18:00:00,3.2171688583151647,495.35545193031624
2023-02-23 19:00:00,4.279836185562478,581.9736754828479
2023-02-23 20:00:00,2.3947186703039365,594.998652158781
2023-02-23 21:00:00,2.40071724682086,557.8756558649973
2023-02-23 22:00:00,2.4388872739692684,450.13765594959716
2023-02-23 23:00:00,2.7036720980117677,449.3810084129934
2023-02-24 00:00:00,3.7165480883185005,349.07001011242846
2023-02-24 01:00:00,2.6871613652639956,376.3144670667062
2023-02-24 02:00:00,4.5207455045999385,406.1376816067827
2023-02-24 03:00:00,3.7257646845889143,407.624551842728
2023-02-24 04:00:00,2.2676157081444765,457.4781673857443
2023-02-24 05:00:00,2.1051564086980568,352.5281539033925
2023-02-24 06:00:00,2.415926494297376,588.9546205718414
2023-02-24 07:00:00,2.580196819656914,549.3230106325035
2023-02-24 08:00:00,3.98947768104858,442.00378281751665
2023-02-24 09:00:00,3.0733055555485898,494.508963615212
2023-02-24 10:00:00,2.667995603544669,585.0118375002313
2023-02-24 11:00:00,2.403118198067645,609.4342862223427
2023-02-24 12:00:00,2.498852337836604,558.5681528767626
2023-02-24 13:00:00,3.049714221568525,645.996028523123
2023-02-24 14:00:00,2.4396748187892436,562.57822508695
2023-02-24 15:00:00,2.7539600346340687,629.0131251060584
2023-02-24 16:00:00,2.3571338441964347,430.2013710495435
2023-02-24 17:00:00,5.236423169363442,542.820027391235
2023-02-24 18:00:00,2.68205604881338,655.8712144820872
2023-02-24 19:00:00,3.3932536351670484,591.4427529001575
2023-02-24 20:00:00,2.210580594035372,567.5534203727675
2023-02-24 21:00:00,2.1034120116574653,633.2202044602325
2023-02-24 22:00:00,2.131916706194181,514.035927759174
2023-02-24 23:00:00,2.440527440582411,399.8913888420424
2023-02-25 00:00:00,2.452561411088274,388.41143259060135
2023-02-25 01:00:00,2.151485338587745,323.8208880339649
2023-02-25 02:00:00,2.1555409825204372,351.03725708399674
2023-02-25 03:00:00,3.8594610362599377,337.70083839513956
2023-02-25 04:00:00,3.507962486154488,320.4457260991627
2023-02-25 05:00:00,2.292692974796581,359.41366297220003
2023-02-25 06:00:00,2.2798423700891144,455.99545577239263
2023-02-25 07:00:00,2.1080872959369312,442.89396640471944
2023-02-25 08:00:00,2.7729770247621306,443.83035833802717
2023-02-25 09:00:00,2.6161845656985134,489.4066896830625
2023-02-25 10:00:00,6.914008367626026,488.7706399930314
2023-02-25 11:00:00,2.356448357601184,406.13198434271675
2023-02-25 12:00:00,2.213916991837619,495.49515695929443
2023-02-25 13:00:00,2.3999843327457784,511.03460479784184
2023-02-25 14:00:00,2.9485505851320832,501.3108570524269
2023-02-25 15:00:00,2.8946380299095855,523.4690701221449
2023-02-25 16:00:00,2.435700596434219,483.6455100694778
2023-02-25 17:00:00,2.625014419575951,552.1087081652619
2023-02-25 18:00:00,2.0991482674149475,513.6134653402086
2023-02-25 19:00:00,8.179596672762324,582.2379744927604
2023-02-25 20:00:00,2.8913438089176386,577.4745411299803
2023-02-25 21:00:00,3.232066079538934,475.67694753834223
2023-02-25 22:00:00,4.048129454632777,368.68975974683076
2023-02-25 23:00:00,2.1204415187957624,460.55558142388935
2023-02-26 00:00:00,2.381050810833742,394.6633311718791
2023-02-26 01:00:00,2.0709633295611067,419.03056083944136
2023-02-26 02:00:00,3.9888948784864215,393.50570623409936
2023-02-26 03:00:00,2.208388769245336,389.19974104100595
2023-02-26 04:00:00,2.264053852512441,338.6695065539762
2023-02-26 05:00:00,2.7614648328433797,392.7874783274325
2023-02-26 06:00:00,3.038737361406344,464.3240110071092
2023-02-26 07:00:00,2.135808217159005,393.46267332194225
2023-02-26 08:00:00,3.078837015114988,488.10845695706587
2023-02-26 09:00:00,2.4733702070555585,443.7104643313374
2023-02-26 10:00:00,2.2039134699218423,513.739588960664
2023-02-26 11:00:00,2.495013167816834,390.0745519095738
2023-02-26 12:00:00,2.136756149242906,490.63911533024134
2023-02-26 13:00:00,2.316873530772628,544.8372839335973
2023-02-26 14:00:00,2.2020825934725057,514.2299056726744
2023-02-26 15:00:00,2.064498066031523,531.9794752318875
2023-02-26 16:00:00,3.763813024429192,530.1420056485101
2023-02-26 17:00:00,2.572401348615987,513.9881068126709
2023-02-26 18:00:00,3.5479999180546624,645.918963810085
2023-02-26 19:00:00,2.163201890701026,589.1241725038475
2023-02-26 20:00:00,3.85442553620035,581.3234168263691
2023-02-26 21:00:00,3.05949821299071,560.1334357046204
2023-02-26 22:00:00,2.167673978257494,385.81001743242325
2023-02-26 23:00:00,2.470309654899976,465.209961479263
2023-02-27 00:00:00,3.684262634310808,347.52080871521883
2023-02-27 01:00:00,2.285765278295541,428.5599463676234
2023-02-27 02:00:00,2.5680955260247886,468.8511010346024
2023-02-27 03:00:00,2.9539468483090627,440.6057752237152
2023-02-27 04:00:00,4.113320185858392,378.874143663912
2023-02-27 05:00:00,3.494536353751177,484.1559467256712
2023-02-27 06:00:00,2.9594186386429193,590.8508410284766
2023-02-27 07:00:00,3.3564995445894397,604.4721584186616
2023-02-27 08:00:00,2.1374303792834812,566.6447290873081
2023-02-27 09:00:00,2.2777686484094706,560.6064703759066
2023-02-27 10:00:00,2.247450055300944,717.8385492709284
2023-02-27 11:00:00,2.236209195936627,486.703554406061
2023-02-27 12:00:00,2.1647920964028393,669.7893021643413
2023-02-27 13:00:00,2.3205163863190053,537.208878597063
2023-02-27 14:00:00,6.027161323551394,661.1510666909136
2023-02-27 15:00:00,2.3582738000778316,615.7387453089158
2023-02-27 16:00:00,2.6482886464631097,607.3749781221602
2023-02-27 17:00:00,3.4344927731759562,646.1348459902548
2023-02-27 18:00:00,3.4120995617159124,678.4347952945328
2023-02-27 19:00:00,4.45462363233446,605.477918709973
2023-02-27 20:00:00,3.2713446124748096,674.3165237561647
2023-02-27 21:00:00,4.63821000216419,649.0971192706304
2023-02-27 22:00:00,3.617392381920343,488.6020207012482
2023-02-27 23:00:00,2.2152214382401922,400.6320835959442
2023-02-28 00:00:00,3.419218975711429,470.9626078685567
2023-02-28 01:00:00,2.563038339747111,400.8238455456977
2023-02-28 02:00:00,2.3262066564308594,462.9910976808463
2023-02-28 03:00:00,2.205146843056178,396.19915680906513
2023-02-28 04:00:00,3.7468666354803557,390.4810172143878
2023-02-28 05:00:00,4.420863843508215,333.1068371346779
2023-02-28 06:00:00,2.5932563444096046,541.3068600383909
2023-02-28 07:00:00,5.177861464152559,525.367927414438
2023-02-28 08:00:00,2.4234871495217547,450.9232380895639
2023-02-28 09:00:00,2.1671094348115085,624.4201315884625
2023-02-28 10:00:00,3.6923824866594983,675.2302290535074
2023-02-28 11:00:00,2.0756116419254784,524.2920040289645
2023-02-28 12:00:00,2.2263814610053068,613.039752677611
2023-02-28 13:00:00,4.826213997081499,624.7481735787014
2023-02-28 14:00:00,2.0409428815005493,615.3696673853984
2023-02-28 15:00:00,2.4730240165619657,577.6694205850339
2023-02-28 16:00:00,2.1217744622166745,475.1580229522341
2023-02-28 17:00:00,3.0401592003448723,562.1987211146732
2023-02-28 18:00:00,3.576373612521735,761.6828495798109
2023-02-28 19:00:00,2.5627379079946024,726.425660722752
2023-02-28 20:00:00,2.3191472238327817,766.1946040048646
2023-02-28 21:00:00,4.131729048480447,613.7554028852732
2023-02-28 22:00:00,2.422558097201511,486.2617727782796
2023-02-28 23:00:00,2.8807330713975237,494.3779696740905
2023-03-01 00:00:00,5.186598414723134,335.61651387468504
2023-03-01 01:00:00,2.1223266825299056,419.9230403279386
2023-03-01 02:00:00,2.4230100822244873,481.3426275704975
2023-03-01 03:00:00,2.996451525231048,341.14875921209943
2023-03-01 04:00:00,2.419082005461025,406.62889875106225
2023-03-01 05:00:00,2.1969221841587965,377.81923269094534
2023-03-01 06:00:00,2.501655120353694,498.8269600596591
2023-03-01 07:00:00,4.317662441767586,495.2472890375066
2023-03-01 08:00:00,3.911566565041704,622.4494240403434
2023-03-01 09:00:00,6.95074394232659,565.5651590864005
2023-03-01 10:00:00,2.087483282827896,613.3010040770124
2023-03-01 11:00:00,2.1791335810417443,571.7732635258491
2023-03-01 12:00:00,2.2940712691533864,477.8837412021667
2023-03-01 13:00:00,4.327252629858316,609.0604615421184
2023-03-01 14:00:00,2.185426352600688,588.4838059497757
2023-03-01 15:00:00,3.207502628360076,620.7417974579079
2023-03-01 16:00:00,2.1105658563489045,573.4554414325335
2023-03-01 17:00:00,2.000160051935506,644.7271182842483
2023-03-01 18:00:00,2.420852391720701,578.1338334323914
2023-03-01 19:00:00,3.2094718643591826,651.1381099175288
2023-03-01 20:00:00,2.447426748881278,511.5103400997257
2023-03-01 21:00:00,2.2098441024918163,631.0699287777305
2023-03-01 22:00:00,2.216186814323867,501.0612111721549
2023-03-01 23:00:00,2.4725594403809064,434.7541474624296
2023-03-02 00:00:00,3.1711458043726504,359.4049229146389
2023-03-02 01:00:00,2.917772464706776,469.8783710930606
2023-03-02 02:00:00,2.2997054680913314,392.76586609446866
2023-03-02 03:00:00,2.5420200356730334,430.445728913844
2023-03-02 04:00:00,2.0256880805073547,380.06730303577507
2023-03-02 05:00:00,3.211889367076893,368.7582090109043
2023-03-02 06:00:00,3.086350046885859,466.0324359531635
2023-03-02 07:00:00,2.0308415731416685,577.474381047816
2023-03-02 08:00:00,3.6029475237437083,377.87651142880117
2023-03-02 09:00:00,2.7684823202826037,607.4491074621711
2023-03-02 10:00:00,7.435513649155591,629.8772676233687
2023-03-02 11:00:00,2.721443158489798,609.974695452705
2023-03-02 12:00:00,3.9395123220887527,584.418005441929
2023-03-02 13:00:00,4.6892741507955495,616.9297690143985
2023-03-02 14:00:00,6.087889664525816,635.5759940668444
2023-03-02 15:00:00,2.0990438539812803,658.9059587070344
2023-03-02 16:00:00,2.8385193617602638,682.5290343173709
2023-03-02 17:00:00,3.3921642821064504,629.3394833719577
2023-03-02 18:00:00,2.0538124570324694,706.8604206005532
2023-03-02 19:00:00,2.766774587983045,745.3020679193809
2023-03-02 20:00:00,2.1299251575235507,646.5036485563344
2023-03-02 21:00:00,3.2603337330588715,756.9272220290658
2023-03-02 22:00:00,2.6933236794571584,437.3944335872122
2023-03-02 23:00:00,2.2134463828158792,425.81836821529544
2023-03-03 00:00:00,3.8052372343041645,354.25450207765755
2023-03-03 01:00:00,2.6605909359237163,468.61086955987406
2023-03-03 02:00:00,2.337524096949607,406.5022363099495
2023-03-03 03:00:00,4.365247040259165,390.6333408131686
2023-03-03 04:00:00,2.140338747642109,419.11186116473607
2023-03-03 05:00:00,3.2312274197387514,368.0734915205984
2023-03-03 06:00:00,3.209848255802917,496.36063950723155
2023-03-03 07:00:00,2.643865022768575,488.34906357483396
2023-03-03 08:00:00,4.026772695992774,463.784838190436
2023-03-03 09:00:00,4.260166234220211,599.3902992564417
2023-03-03 10:00:00,2.471130234786443,560.3337194578387
2023-03-03 11:00:00,5.276685255651776,557.6897430845477
2023-03-03 12:00:00,3.4923676439850264,654.3706985701695
2023-03-03 13:00:00,3.5065627695891566,585.056108417421
2023-03-03 14:00:00,3.3167988816883938,573.5910387191377
2023-03-03 15:00:00,2.0060844001559803,580.2381336539438
2023-03-03 16:00:00,4.438452427831162,642.2456503438929
2023-03-03 17:00:00,2.646664773118776,745.8033770963849
2023-03-03 18:00:00,11.138221323323863,605.5532456854961
2023-03-03 19:00:00,2.650846376436535,684.437580594221
2023-03-03 20:00:00,2.4823283191572147,650.531457065189
2023-03-03 21:00:00,3.057566286579181,722.6134401290456
2023-03-03 22:00:00,3.5878384432399106,418.9619489279836
2023-03-03 23:00:00,3.919110849982763,493.7167634770858
2023-03-04 00:00:00,2.974516100552149,311.26005666125894
2023-03-04 01:00:00,3.867686346052127,304.8914308084061
2023-03-04 02:00:00,4.499427959081597,329.79979528435393
2023-03-04 03:00:00,6.474078736103813,315.6777806016441
2023-03-04 04:00:00,2.1383057682602087,390.1503945992079
2023-03-04 05:00:00,3.4811841842379154,374.4201933661173
2023-03-04 06:00:00,2.6401861877207278,514.8259001794372
2023-03-04 07:00:00,2.470853895294434,373.54981450172073
2023-03-04 08:00:00,2.304239063778115,487.8453206313713
2023-03-04 09:00:00,3.572854478530307,397.89773544978624
2023-03-04 10:00:00,2.2019003901495573,470.1060112199795
2023-03-04 11:00:00,4.2409018205295235,454.8751800976296
2023-03-04 12:00:00,2.7175323549556145,457.8253629314084
2023-03-04 13:00:00,2.0525483815454457,531.0143473328332
2023-03-04 14:00:00,4.156468035084069,494.5270185221004
2023-03-04 15:00:00,2.002399253577301,472.8292315017221
2023-03-04 16:00:00,4.644893346824894,438.8154739448973
2023-03-04 17:00:00,2.4829279861518967,519.7336021005567
2023-03-04 18:00:00,2.3720017126664708,618.8946675143783
2023-03-04 19:00:00,2.929972267501941,570.1894863384935
2023-03-04 20:00:00,2.6869811791389484,509.1159831026252
2023-03-04 21:00:00,3.007717313916358,604.5914757602212
2023-03-04 22:00:00,2.9363862387515325,394.6751322102433
2023-03-04 23:00:00,3.3441948978401816,390.95638412003024
2023-03-05 00:00:00,2.661412705393802,366.1895280450512
2023-03-05 01:00:00,3.1143318451676603,423.34454909908595
2023-03-05 02:00:00,2.160406884230995,343.7073151958927
2023-03-05 03:00:00,3.0895574265375085,351.3313400902441
2023-03-05 04:00:00,2.825879120581191,349.53567536877677
2023-03-05 05:00:00,2.491074684775009,375.23586919299413
2023-03-05 06:00:00,3.933012774883014,452.37017832886676
2023-03-05 07:00:00,3.8303223325788025,472.67599404153236
2023-03-05 08:00:00,2.548336490162683,506.61329341003795
2023-03-05 09:00:00,3.577679475887406,523.0180385400754
2023-03-05 10:00:00,2.028355874258247,446.6743173837641
2023-03-05 11:00:00,3.0196239621365444,496.3306952658941
2023-03-05 12:00:00,2.0805902758516464,452.6633432290299
2023-03-05 13:00:00,2.337557759520527,534.5652214239002
2023-03-05 14:00:00,2.892547356550328,461.1825302362225
2023-03-05 15:00:00,2.5828617660158697,534.8677588801448
2023-03-05 16:00:00,2.015457729624483,514.4944654920724
2023-03-05 17:00:00,2.9991128043210726,559.2539471600576
2023-03-05 18:00:00,2.442214873808889,579.6234505124563
2023-03-05 19:00:00,2.9411781200496696,497.92773332747
2023-03-05 20:00:00,2.0606719737161407,532.5048964331012
2023-03-05 21:00:00,3.3173775162040373,523.1819268617243
2023-03-05 22:00:00,3.195403047045268,460.24373013826823
2023-03-05 23:00:00,2.5626642503250676,407.0840507068849
2023-03-06 00:00:00,3.1151573391269007,364.14040487331
2023-03-06 01:00:00,2.163182846172733,477.58295420751955
2023-03-06 02:00:00,2.3410753050597757,406.712148741246
2023-03-06 03:00:00,2.80096755659624,441.7510842480363
2023-03-06 04:00:00,3.324866532155074,403.513214410626
2023-03-06 05:00:00,9.075991701903781,416.9540966040289
2023-03-06 06:00:00,4.410207691086613,592.9480344232335
2023-03-06 07:00:00,2.392117490250315,533.5923701853028
2023-03-06 08:00:00,3.9692650325806,535.5532441294785
2023-03-06 09:00:00,2.033067588636271,481.71507557813356
2023-03-06 10:00:00,2.4880126384536,560.7733024354156
2023-03-06 11:00:00,2.1081014667351594,530.8102519238186
2023-03-06 12:00:00,3.2155702604851673,579.1076088926376
2023-03-06 13:00:00,3.658881360065818,586.6702539764552
2023-03-06 14:00:00,2.829603659753689,565.4842444503792
2023-03-06 15:00:00,2.532764739574049,635.3906866111812
2023-03-06 16:00:00,3.306713832290878,634.8358678609992
2023-03-06 17:00:00,4.348971042607685,617.348109401755
2023-03-06 18:00:00,2.5143247182553106,684.4870668586639
2023-03-06 19:00:00,4.947658420230335,642.8519942298179
2023-03-06 20:00:00,2.732390770738598,597.3698537655542
2023-03-06 21:00:00,2.3429610935051146,718.2501783756466
2023-03-06 22:00:00,3.5492723199175398,367.69287494369524
2023-03-06 23:00:00,2.355243653150943,416.74064425774867
2023-03-07 00:00:00,2.4517944413966304,377.89662047916585
2023-03-07 01:00:00,2.5145356440223976,437.8796710219174
2023-03-07 02:00:00,2.5953309085211567,312.18294008912346
2023-03-07 03:00:00,2.981418569012979,371.4650562940124
2023-03-07 04:00:00,2.212754189287366,363.0691420854629
2023-03-07 05:00:00,2.821834201258027,374.2921470326218
2023-03-07 06:00:00,2.550282955164695,465.00399724338035
2023-03-07 07:00:00,3.17766149681017,605.4731047100958
2023-03-07 08:00:00,2.2144265372400294,491.9547570862636
2023-03-07 09:00:00,2.2299199036752753,650.4758152229331
2023-03-07 10:00:00,2.9342892542366235,681.3033901459178
2023-03-07 11:00:00,2.3088557692646714,636.6177688777192
2023-03-07 12:00:00,2.914139017462545,624.2496325061799
2023-03-07 13:00:00,2.4650804839407305,696.900207046252
2023-03-07 14:00:00,3.5270520996116623,629.5448928613279
2023-03-07 15:00:00,2.0725886469225188,509.742169063574
2023-03-07 16:00:00,3.6042882519864845,631.488122393806
2023-03-07 17:00:00,2.0016896275180383,632.3499838251373
2023-03-07 18:00:00,4.153274616277633,717.332923984174
2023-03-07 19:00:00,3.1104404851449017,658.9061470794059
2023-03-07 20:00:00,3.2136439144630007,565.4993220820314
2023-03-07 21:00:00,2.103600959137595,549.5802464563279
2023-03-07 22:00:00,2.4957860402447536,516.8291492221061
2023-03-07 23:00:00,2.052179803702321,566.6038556843137
2023-03-08 00:00:00,2.0876525171919877,451.78547750865795
2023-03-08 01:00:00,2.9531579266986276,392.6452327790689
2023-03-08 02:00:00,2.8146041138599203,423.1881020917774
2023-03-08 03:00:00,2.0973688299919306,326.79990302458043
2023-03-08 04:00:00,8.410231458515238,461.6776446071634
2023-03-08 05:00:00,2.9182404292063886,450.9355714197385
2023-03-08 06:00:00,2.1082810342644462,423.6510456732841
2023-03-08 07:00:00,2.6851125891666174,528.1580000416292
2023-03-08 08:00:00,2.0760501098128583,654.8845796433399
2023-03-08 09:00:00,2.438436897499747,593.3699244529483
2023-03-08 10:00:00,2.387086820527215,572.5519301588698
2023-03-08 11:00:00,2.037248093504104,528.2486511379594
2023-03-08 12:00:00,3.4101255614729675,606.622778478621
2023-03-08 13:00:00,2.0508221823395956,574.5031898654973
2023-03-08 14:00:00,2.341068785485991,513.3788204705069
2023-03-08 15:00:00,2.3200528951662927,676.8070937305299
2023-03-08 16:00:00,2.1953793770884853,601.6478594371602
2023-03-08 17:00:00,3.3673132189288797,653.025223624822
2023-03-08 18:00:00,3.853719242150123,697.0117916849613
2023-03-08 19:00:00,2.1183735637520282,716.2173200867624
2023-03-08 20:00:00,2.3721609007149853,658.8705858672487
2023-03-08 21:00:00,2.751347731592074,593.426215618985
2023-03-08 22:00:00,2.10107565642472,408.3927883629392
2023-03-08 23:00:00,3.073882489538823,483.5648954342399
2023-03-09 00:00:00,3.037980125535709,356.7744171744837
