Timestamp,GHI,DNI,DHI,Temperature
2023-01-01 00:00:00,0,0,0,0.06881641154483908
2023-01-01 01:00:00,0,0,0,4.421562418945915
2023-01-01 02:00:00,0,0,0,11.10434557859823
2023-01-01 03:00:00,0,0,0,2.072051170924209
2023-01-01 04:00:00,0,0,0,-0.6343652683569978
2023-01-01 05:00:00,0,0,0,10.016889365716665
2023-01-01 06:00:00,0,0,0,9.490983331040674
2023-01-01 07:00:00,0,0,0,3.648918329556361
2023-01-01 08:00:00,229,183,45,9.863622890786116
2023-01-01 09:00:00,539,431,107,0.9042707730187081
2023-01-01 10:00:00,524,419,104,2.071257873235237
2023-01-01 11:00:00,683,546,136,3.0993441247243907
2023-01-01 12:00:00,755,604,151,5.003346361615726
2023-01-01 13:00:00,708,567,141,3.7536793449411174
2023-01-01 14:00:00,580,464,116,9.059454269431747
2023-01-01 15:00:00,371,296,74,2.8518853785686864
2023-01-01 16:00:00,196,156,39,-0.18502420427248545
2023-01-01 17:00:00,0,0,0,9.165573462044687
2023-01-01 18:00:00,0,0,0,-4.928235355591218
2023-01-01 19:00:00,0,0,0,3.6373905113467964
2023-01-01 20:00:00,0,0,0,-0.8959670520431375
2023-01-01 21:00:00,0,0,0,6.877518078125977
2023-01-01 22:00:00,0,0,0,5.543654988707991
2023-01-01 23:00:00,0,0,0,3.5844005290312526
2023-01-02 00:00:00,0,0,0,2.9875722941650658
2023-01-02 01:00:00,0,0,0,4.972386725774506
2023-01-02 02:00:00,0,0,0,5.290124045465775
2023-01-02 03:00:00,0,0,0,3.6210642268344184
2023-01-02 04:00:00,0,0,0,8.912200394220493
2023-01-02 05:00:00,0,0,0,3.342839641738618
2023-01-02 06:00:00,0,0,0,-0.13911838213193217
2023-01-02 07:00:00,2,2,0,7.966098787043135
2023-01-02 08:00:00,301,240,60,9.18846674837965
2023-01-02 09:00:00,363,290,72,-3.038547354043959
2023-01-02 10:00:00,792,633,158,3.135419780067147
2023-01-02 11:00:00,919,735,183,5.247924483469134
2023-01-02 12:00:00,765,612,153,6.4207898023467305
2023-01-02 13:00:00,643,514,128,4.146256704466756
2023-01-02 14:00:00,709,567,141,0.9364226617700568
2023-01-02 15:00:00,464,371,92,7.282320068704395
2023-01-02 16:00:00,211,169,42,-6.367694276663463
2023-01-02 17:00:00,6,5,1,7.100118433851043
2023-01-02 18:00:00,0,0,0,13.511070800753192
2023-01-02 19:00:00,0,0,0,11.280974105118592
2023-01-02 20:00:00,0,0,0,0.4009439078861776
2023-01-02 21:00:00,0,0,0,2.184295403900273
2023-01-02 22:00:00,0,0,0,8.395375440591412
2023-01-02 23:00:00,0,0,0,11.445423657821976
2023-01-03 00:00:00,0,0,0,3.746987369210401
2023-01-03 01:00:00,0,0,0,2.924919696359512
2023-01-03 02:00:00,0,0,0,10.078116892764161
2023-01-03 03:00:00,0,0,0,1.8643082645725606
2023-01-03 04:00:00,0,0,0,2.98254485686483
2023-01-03 05:00:00,0,0,0,1.0655409451931472
2023-01-03 06:00:00,0,0,0,17.61483659191585
2023-01-03 07:00:00,4,3,0,17.064830660904644
2023-01-03 08:00:00,245,196,49,10.382799555645619
2023-01-03 09:00:00,409,327,81,11.433160881946616
2023-01-03 10:00:00,503,403,100,-0.6157628799063435
2023-01-03 11:00:00,630,504,126,5.885822132451662
2023-01-03 12:00:00,758,606,151,16.476442350053688
2023-01-03 13:00:00,758,607,151,4.533843509313854
2023-01-03 14:00:00,571,457,114,7.542807804673693
2023-01-03 15:00:00,368,294,73,2.614137964166079
2023-01-03 16:00:00,238,191,47,13.675602730389073
2023-01-03 17:00:00,11,8,2,4.732522873386057
2023-01-03 18:00:00,0,0,0,9.111029332206458
2023-01-03 19:00:00,0,0,0,7.832600173794871
2023-01-03 20:00:00,0,0,0,-0.5215264671806263
2023-01-03 21:00:00,0,0,0,2.7336392510308207
2023-01-03 22:00:00,0,0,0,1.2726081839322276
2023-01-03 23:00:00,0,0,0,1.6166810144522006
2023-01-04 00:00:00,0,0,0,8.32113958154544
2023-01-04 01:00:00,0,0,0,3.356516857958526
2023-01-04 02:00:00,0,0,0,-5.496242324506628
2023-01-04 03:00:00,0,0,0,10.033676046077659
2023-01-04 04:00:00,0,0,0,5.074184031298609
2023-01-04 05:00:00,0,0,0,15.581190531636787
2023-01-04 06:00:00,0,0,0,16.94935319365907
2023-01-04 07:00:00,9,7,1,-0.05076797785834941
2023-01-04 08:00:00,217,174,43,15.964648165127858
2023-01-04 09:00:00,590,472,118,5.667149702250146
2023-01-04 10:00:00,527,422,105,4.224227340270689
2023-01-04 11:00:00,770,616,154,-0.5470318916361645
2023-01-04 12:00:00,800,640,160,0.6427766106823594
2023-01-04 13:00:00,853,682,170,11.10106700600471
2023-01-04 14:00:00,566,453,113,6.904442356327511
2023-01-04 15:00:00,360,288,72,11.962430221055602
2023-01-04 16:00:00,238,190,47,12.301621345675041
2023-01-04 17:00:00,16,13,3,6.693765562703757
2023-01-04 18:00:00,0,0,0,3.489360405843908
2023-01-04 19:00:00,0,0,0,3.435685663256287
2023-01-04 20:00:00,0,0,0,6.192342468229931
2023-01-04 21:00:00,0,0,0,4.211656259036433
2023-01-04 22:00:00,0,0,0,7.136531860818822
2023-01-04 23:00:00,0,0,0,8.62326572907561
2023-01-05 00:00:00,0,0,0,1.2152352005365223
2023-01-05 01:00:00,0,0,0,7.767276759781208
2023-01-05 02:00:00,0,0,0,2.3659817404126966
2023-01-05 03:00:00,0,0,0,9.759625770924112
2023-01-05 04:00:00,0,0,0,8.732125571140426
2023-01-05 05:00:00,0,0,0,3.4782424188060728
2023-01-05 06:00:00,0,0,0,6.616949638483122
2023-01-05 07:00:00,8,6,1,5.635347079957327
2023-01-05 08:00:00,266,213,53,5.851463686809614
2023-01-05 09:00:00,552,442,110,2.416589460587483
2023-01-05 10:00:00,784,627,156,-0.5925662753638408
2023-01-05 11:00:00,582,465,116,8.219477120538532
2023-01-05 12:00:00,775,620,155,4.235107179196028
2023-01-05 13:00:00,859,687,171,5.1197424142622765
2023-01-05 14:00:00,518,415,103,-0.35382082214566335
2023-01-05 15:00:00,407,326,81,4.330024409143214
2023-01-05 16:00:00,312,250,62,-3.7806071239079966
2023-01-05 17:00:00,25,20,5,10.739797634299721
2023-01-05 18:00:00,0,0,0,7.68054940603711
2023-01-05 19:00:00,0,0,0,10.39882113265929
2023-01-05 20:00:00,0,0,0,5.346617126148057
2023-01-05 21:00:00,0,0,0,7.795527109261096
2023-01-05 22:00:00,0,0,0,7.5381323097137525
2023-01-05 23:00:00,0,0,0,6.457127310782662
2023-01-06 00:00:00,0,0,0,6.412692399726096
2023-01-06 01:00:00,0,0,0,4.557742664551481
2023-01-06 02:00:00,0,0,0,6.052007577270893
2023-01-06 03:00:00,0,0,0,-5.311209261898317
2023-01-06 04:00:00,0,0,0,10.229148885473183
2023-01-06 05:00:00,0,0,0,4.886626500941442
2023-01-06 06:00:00,0,0,0,7.615905244739636
2023-01-06 07:00:00,16,13,3,-0.7149270490396509
2023-01-06 08:00:00,206,165,41,4.708582118521485
2023-01-06 09:00:00,492,393,98,9.473659980168053
2023-01-06 10:00:00,699,559,139,5.91414457024803
2023-01-06 11:00:00,944,755,188,-2.32429955989884
2023-01-06 12:00:00,728,583,145,5.127410920830466
2023-01-06 13:00:00,681,545,136,7.395301228757583
2023-01-06 14:00:00,494,395,98,3.221698334337891
2023-01-06 15:00:00,482,385,96,11.52123194685618
2023-01-06 16:00:00,202,162,40,8.732206582853644
2023-01-06 17:00:00,33,26,6,-1.2105628403257844
2023-01-06 18:00:00,0,0,0,7.930433024406111
2023-01-06 19:00:00,0,0,0,1.3737354244971423
2023-01-06 20:00:00,0,0,0,17.392092109602654
2023-01-06 21:00:00,0,0,0,-4.784131074063844
2023-01-06 22:00:00,0,0,0,8.61151262832078
2023-01-06 23:00:00,0,0,0,-1.5667650747280435
2023-01-07 00:00:00,0,0,0,8.984082961223503
2023-01-07 01:00:00,0,0,0,10.13400589099832
2023-01-07 02:00:00,0,0,0,1.0698028168991742
2023-01-07 03:00:00,0,0,0,3.12744774053514
2023-01-07 04:00:00,0,0,0,4.634899799680986
2023-01-07 05:00:00,0,0,0,14.129425784740537
2023-01-07 06:00:00,0,0,0,5.816953119665285
2023-01-07 07:00:00,13,11,2,13.671062179677186
2023-01-07 08:00:00,289,231,57,0.08089050437129863
2023-01-07 09:00:00,409,327,81,9.322761712196387
2023-01-07 10:00:00,560,448,112,3.4978330878784414
2023-01-07 11:00:00,775,620,155,7.702235174146843
2023-01-07 12:00:00,714,571,142,7.127121768582924
2023-01-07 13:00:00,796,636,159,14.439601265455188
2023-01-07 14:00:00,567,453,113,4.3280880897267675
2023-01-07 15:00:00,369,295,73,7.239750643713945
2023-01-07 16:00:00,292,234,58,3.0590219115914374
2023-01-07 17:00:00,33,26,6,2.9496875674176235
2023-01-07 18:00:00,0,0,0,10.230807260253478
2023-01-07 19:00:00,0,0,0,-3.598468422804623
2023-01-07 20:00:00,0,0,0,0.9259343594662939
2023-01-07 21:00:00,0,0,0,9.365779329016164
2023-01-07 22:00:00,0,0,0,6.9663719018334564
2023-01-07 23:00:00,0,0,0,6.108893909632806
2023-01-08 00:00:00,0,0,0,12.78461045056044
2023-01-08 01:00:00,0,0,0,15.567098230984731
2023-01-08 02:00:00,0,0,0,2.732751998261083
2023-01-08 03:00:00,0,0,0,3.883634624819825
2023-01-08 04:00:00,0,0,0,-3.31293696012769
2023-01-08 05:00:00,0,0,0,7.8122280734440555
2023-01-08 06:00:00,0,0,0,5.261030148398689
2023-01-08 07:00:00,15,12,3,3.822639168167301
2023-01-08 08:00:00,216,173,43,10.673392117217894
2023-01-08 09:00:00,369,295,73,10.478660462183095
2023-01-08 10:00:00,741,593,148,7.642715521664403
2023-01-08 11:00:00,725,580,145,-2.341128441515748
2023-01-08 12:00:00,903,722,180,10.7010931235036
2023-01-08 13:00:00,709,567,141,0.637579032306455
2023-01-08 14:00:00,812,649,162,3.57035981609758
2023-01-08 15:00:00,488,390,97,0.19610064806959748
2023-01-08 16:00:00,208,166,41,4.703791918920747
2023-01-08 17:00:00,39,31,7,2.8030837636496004
2023-01-08 18:00:00,0,0,0,5.871308461702383
2023-01-08 19:00:00,0,0,0,15.030075675424676
2023-01-08 20:00:00,0,0,0,-1.8821759898212207
2023-01-08 21:00:00,0,0,0,8.400797150194235
2023-01-08 22:00:00,0,0,0,6.391335237797779
2023-01-08 23:00:00,0,0,0,9.954735101310352
2023-01-09 00:00:00,0,0,0,6.025639438892158
2023-01-09 01:00:00,0,0,0,2.315463613545819
2023-01-09 02:00:00,0,0,0,5.873924726618759
2023-01-09 03:00:00,0,0,0,3.642589410167799
2023-01-09 04:00:00,0,0,0,7.579777458628446
2023-01-09 05:00:00,0,0,0,6.191921099971362
2023-01-09 06:00:00,0,0,0,1.3349252003353502
2023-01-09 07:00:00,17,13,3,9.722022627009345
2023-01-09 08:00:00,280,224,56,12.260620830042694
2023-01-09 09:00:00,467,374,93,2.1811561700269237
2023-01-09 10:00:00,791,632,158,10.459718198956189
2023-01-09 11:00:00,931,745,186,6.630316448403546
2023-01-09 12:00:00,667,534,133,1.0302484751008398
2023-01-09 13:00:00,772,618,154,-0.15916035367461667
2023-01-09 14:00:00,644,515,128,6.5368141761642375
2023-01-09 15:00:00,446,357,89,6.251944993714232
2023-01-09 16:00:00,344,275,68,10.866010033904026
2023-01-09 17:00:00,48,38,9,9.575926959945477
2023-01-09 18:00:00,0,0,0,1.4353882318115803
2023-01-09 19:00:00,0,0,0,0.6884365921898707
2023-01-09 20:00:00,0,0,0,3.5076592554606214
2023-01-09 21:00:00,0,0,0,11.323306570977635
2023-01-09 22:00:00,0,0,0,10.761638152515049
2023-01-09 23:00:00,0,0,0,8.368191655692163
2023-01-10 00:00:00,0,0,0,12.194174835072376
2023-01-10 01:00:00,0,0,0,-1.0389146555548274
2023-01-10 02:00:00,0,0,0,10.982885320848798
2023-01-10 03:00:00,0,0,0,5.546005585497046
2023-01-10 04:00:00,0,0,0,10.997128213043371
2023-01-10 05:00:00,0,0,0,14.86820534385145
2023-01-10 06:00:00,0,0,0,8.149391693508381
2023-01-10 07:00:00,22,18,4,-5.447867519253382
2023-01-10 08:00:00,225,180,45,3.7029195373251653
2023-01-10 09:00:00,566,453,113,-3.152604315699712
2023-01-10 10:00:00,547,437,109,6.888536237799509
2023-01-10 11:00:00,692,553,138,4.144345058418657
2023-01-10 12:00:00,779,623,155,8.353255742216316
2023-01-10 13:00:00,837,669,167,3.013366106557945
2023-01-10 14:00:00,764,611,152,4.588259564811516
2023-01-10 15:00:00,406,324,81,1.701076572706433
2023-01-10 16:00:00,295,236,59,17.253182937977588
2023-01-10 17:00:00,48,38,9,6.760157959045926
2023-01-10 18:00:00,0,0,0,11.01792102173816
2023-01-10 19:00:00,0,0,0,5.562872558113842
2023-01-10 20:00:00,0,0,0,4.809425474866282
2023-01-10 21:00:00,0,0,0,8.106512040679211
2023-01-10 22:00:00,0,0,0,4.158119926511155
2023-01-10 23:00:00,0,0,0,5.708155102043118
2023-01-11 00:00:00,0,0,0,1.4094086959276328
2023-01-11 01:00:00,0,0,0,3.8605532478436366
2023-01-11 02:00:00,0,0,0,4.614009311573284
2023-01-11 03:00:00,0,0,0,4.150103632350595
2023-01-11 04:00:00,0,0,0,9.39027569195953
2023-01-11 05:00:00,0,0,0,1.304121205303633
2023-01-11 06:00:00,0,0,0,7.896132384423147
2023-01-11 07:00:00,22,18,4,9.337939770706626
2023-01-11 08:00:00,294,235,58,1.3950604468587677
2023-01-11 09:00:00,370,296,74,-6.462333339218174
2023-01-11 10:00:00,722,577,144,1.4832438100542067
2023-01-11 11:00:00,872,697,174,9.461567340841526
2023-01-11 12:00:00,791,632,158,11.035329849369804
2023-01-11 13:00:00,787,630,157,11.250097271616031
2023-01-11 14:00:00,517,414,103,3.549063255685562
2023-01-11 15:00:00,543,434,108,6.576549180343602
2023-01-11 16:00:00,354,283,70,9.905178439172024
2023-01-11 17:00:00,45,36,9,1.0282483183921913
2023-01-11 18:00:00,0,0,0,11.426872245179315
2023-01-11 19:00:00,0,0,0,8.882168105394351
2023-01-11 20:00:00,0,0,0,6.093989642196724
2023-01-11 21:00:00,0,0,0,10.434416384184516
2023-01-11 22:00:00,0,0,0,3.1997071979969465
2023-01-11 23:00:00,0,0,0,9.457153625450381
2023-01-12 00:00:00,0,0,0,4.341476653849688
2023-01-12 01:00:00,0,0,0,13.21409972085291
2023-01-12 02:00:00,0,0,0,5.861154356072962
2023-01-12 03:00:00,0,0,0,-1.544319580477274
2023-01-12 04:00:00,0,0,0,7.705101634218723
2023-01-12 05:00:00,0,0,0,0.09047701982692757
2023-01-12 06:00:00,0,0,0,12.628559420643647
2023-01-12 07:00:00,29,23,5,7.081451231015827
2023-01-12 08:00:00,312,250,62,4.783264671479493
2023-01-12 09:00:00,506,405,101,15.86591636090175
2023-01-12 10:00:00,520,416,104,5.090569095602751
2023-01-12 11:00:00,778,622,155,5.279801463086139
2023-01-12 12:00:00,966,773,193,10.758828152673987
2023-01-12 13:00:00,846,676,169,-1.9874683025904654
2023-01-12 14:00:00,714,571,142,-1.1468395412197792
2023-01-12 15:00:00,544,435,108,7.711063951951036
2023-01-12 16:00:00,335,268,67,8.602990185526611
2023-01-12 17:00:00,49,39,9,-1.6746982328703508
2023-01-12 18:00:00,0,0,0,6.968813619440745
2023-01-12 19:00:00,0,0,0,-1.8418353907084581
2023-01-12 20:00:00,0,0,0,15.369691695518434
2023-01-12 21:00:00,0,0,0,4.25268915229884
2023-01-12 22:00:00,0,0,0,-0.3762442270054187
2023-01-12 23:00:00,0,0,0,-0.5037976256193542
2023-01-13 00:00:00,0,0,0,3.0169629965227545
2023-01-13 01:00:00,0,0,0,4.664404972048346
2023-01-13 02:00:00,0,0,0,7.54895175635639
2023-01-13 03:00:00,0,0,0,6.665867289836458
2023-01-13 04:00:00,0,0,0,7.643409907434557
2023-01-13 05:00:00,0,0,0,1.637416104555622
2023-01-13 06:00:00,0,0,0,8.390571915937677
2023-01-13 07:00:00,34,27,6,11.64254100919219
2023-01-13 08:00:00,244,195,48,9.403850418500772
2023-01-13 09:00:00,392,314,78,4.85070755416818
2023-01-13 10:00:00,798,638,159,-1.8695822939408995
2023-01-13 11:00:00,824,659,164,9.191046036265309
2023-01-13 12:00:00,714,571,142,6.961488811806566
2023-01-13 13:00:00,608,486,121,2.9062289693363956
2023-01-13 14:00:00,708,566,141,3.3750448613671105
2023-01-13 15:00:00,563,450,112,-0.8502775324529326
2023-01-13 16:00:00,248,198,49,3.5677799136019526
2023-01-13 17:00:00,67,54,13,11.24548551310915
2023-01-13 18:00:00,0,0,0,7.688908505784716
2023-01-13 19:00:00,0,0,0,10.27019998361877
2023-01-13 20:00:00,0,0,0,-1.837694482198776
2023-01-13 21:00:00,0,0,0,14.949839822335273
2023-01-13 22:00:00,0,0,0,8.962330826992613
2023-01-13 23:00:00,0,0,0,4.4455650360340275
2023-01-14 00:00:00,0,0,0,-0.9625201423218215
2023-01-14 01:00:00,0,0,0,4.209228850143126
2023-01-14 02:00:00,0,0,0,12.908855673709677
2023-01-14 03:00:00,0,0,0,8.888725633123325
2023-01-14 04:00:00,0,0,0,8.05603539173065
2023-01-14 05:00:00,0,0,0,8.439058199341304
2023-01-14 06:00:00,0,0,0,7.4844783840259455
2023-01-14 07:00:00,38,30,7,-2.3562494160969436
2023-01-14 08:00:00,209,167,41,-0.7864555233127826
2023-01-14 09:00:00,570,456,114,8.137357132443794
2023-01-14 10:00:00,508,406,101,12.077769854476962
2023-01-14 11:00:00,740,592,148,6.897508900694819
2023-01-14 12:00:00,823,658,164,-1.110665184049071
2023-01-14 13:00:00,669,535,133,15.585921255167925
2023-01-14 14:00:00,555,444,111,9.012341264670427
2023-01-14 15:00:00,572,458,114,9.11365570251546
2023-01-14 16:00:00,275,220,55,6.885163588155427
2023-01-14 17:00:00,67,54,13,2.9122618599364465
2023-01-14 18:00:00,0,0,0,2.579157896358031
2023-01-14 19:00:00,0,0,0,3.502074390686195
2023-01-14 20:00:00,0,0,0,8.661628941690111
2023-01-14 21:00:00,0,0,0,-3.0661084186403347
2023-01-14 22:00:00,0,0,0,2.187400139038628
2023-01-14 23:00:00,0,0,0,2.7505518257363457
2023-01-15 00:00:00,0,0,0,3.592791327447918
2023-01-15 01:00:00,0,0,0,-1.5612074509253908
2023-01-15 02:00:00,0,0,0,8.673010296614715
2023-01-15 03:00:00,0,0,0,-1.7736972226208998
2023-01-15 04:00:00,0,0,0,9.087438105070765
2023-01-15 05:00:00,0,0,0,8.960792482645537
2023-01-15 06:00:00,0,0,0,3.2571382130391826
2023-01-15 07:00:00,39,31,7,-0.7291184412674667
2023-01-15 08:00:00,238,190,47,11.346816400209741
2023-01-15 09:00:00,375,300,75,5.475659000639191
2023-01-15 10:00:00,516,412,103,2.2504781974739467
2023-01-15 11:00:00,700,560,140,7.470885703756814
2023-01-15 12:00:00,689,551,137,4.919144683944619
2023-01-15 13:00:00,831,665,166,1.6772094390480685
2023-01-15 14:00:00,783,626,156,6.47191528495516
2023-01-15 15:00:00,404,323,80,4.863699381526841
2023-01-15 16:00:00,349,279,69,6.349089928066036
2023-01-15 17:00:00,75,60,15,10.948499673508355
2023-01-15 18:00:00,0,0,0,0.14240035411589602
2023-01-15 19:00:00,0,0,0,2.7517248327927613
2023-01-15 20:00:00,0,0,0,16.970059381986992
2023-01-15 21:00:00,0,0,0,11.705966339854452
2023-01-15 22:00:00,0,0,0,8.29225052908833
2023-01-15 23:00:00,0,0,0,-2.2752364628446795
2023-01-16 00:00:00,0,0,0,2.754834176406642
2023-01-16 01:00:00,0,0,0,7.20244433073589
2023-01-16 02:00:00,0,0,0,-3.8560375667605973
2023-01-16 03:00:00,0,0,0,13.720988770419341
2023-01-16 04:00:00,0,0,0,5.248177189657968
2023-01-16 05:00:00,0,0,0,10.871297229536708
2023-01-16 06:00:00,0,0,0,2.6581024631939654
2023-01-16 07:00:00,34,27,6,8.929233339614566
2023-01-16 08:00:00,322,258,64,4.052588972745058
2023-01-16 09:00:00,601,481,120,6.740012894452234
2023-01-16 10:00:00,610,488,122,5.5466588683513205
2023-01-16 11:00:00,761,609,152,1.9244230461050797
2023-01-16 12:00:00,719,575,143,2.6315803556964372
2023-01-16 13:00:00,641,513,128,0.771451952452245
2023-01-16 14:00:00,522,418,104,10.00547035949866
2023-01-16 15:00:00,469,375,93,5.2243826898188175
2023-01-16 16:00:00,284,227,56,11.873568821447186
2023-01-16 17:00:00,98,79,19,9.716333610383392
2023-01-16 18:00:00,0,0,0,16.63902746649569
2023-01-16 19:00:00,0,0,0,3.475481396773039
2023-01-16 20:00:00,0,0,0,6.18893006730937
2023-01-16 21:00:00,0,0,0,0.053819743369866835
2023-01-16 22:00:00,0,0,0,4.5729013892170105
2023-01-16 23:00:00,0,0,0,6.2291958204975675
2023-01-17 00:00:00,0,0,0,10.053917263945456
2023-01-17 01:00:00,0,0,0,2.7661123630741757
2023-01-17 02:00:00,0,0,0,7.24340695200183
2023-01-17 03:00:00,0,0,0,9.40629608510454
2023-01-17 04:00:00,0,0,0,12.210510402401205
2023-01-17 05:00:00,0,0,0,10.242689949735809
2023-01-17 06:00:00,0,0,0,13.890258846812038
2023-01-17 07:00:00,47,38,9,11.842196680941804
2023-01-17 08:00:00,266,212,53,1.4366319620211803
2023-01-17 09:00:00,457,365,91,4.2659116695882435
2023-01-17 10:00:00,666,532,133,-0.6597233241022895
2023-01-17 11:00:00,901,721,180,6.6810654489401715
2023-01-17 12:00:00,983,786,196,6.085220271249383
2023-01-17 13:00:00,895,716,179,7.482440272741579
2023-01-17 14:00:00,711,568,142,8.290192296692014
2023-01-17 15:00:00,633,507,126,2.8914986981099067
2023-01-17 16:00:00,280,224,56,12.737864862303418
2023-01-17 17:00:00,103,82,20,10.235651473297052
2023-01-17 18:00:00,0,0,0,3.2411049596130446
2023-01-17 19:00:00,0,0,0,7.59400821971417
2023-01-17 20:00:00,0,0,0,3.054296944608937
2023-01-17 21:00:00,0,0,0,5.195905239710186
2023-01-17 22:00:00,0,0,0,-0.21214697154341255
2023-01-17 23:00:00,0,0,0,10.874160116014842
2023-01-18 00:00:00,0,0,0,8.318818202756583
2023-01-18 01:00:00,0,0,0,3.6347742581109284
2023-01-18 02:00:00,0,0,0,6.833864251960737
2023-01-18 03:00:00,0,0,0,6.698342238309518
2023-01-18 04:00:00,0,0,0,6.605905898385906
2023-01-18 05:00:00,0,0,0,4.440822927960396
2023-01-18 06:00:00,0,0,0,12.769987289790384
2023-01-18 07:00:00,54,43,10,6.131895077106092
2023-01-18 08:00:00,295,236,59,8.5001460378814
2023-01-18 09:00:00,520,416,104,8.497925906746996
2023-01-18 10:00:00,801,640,160,2.3707369674386154
2023-01-18 11:00:00,702,562,140,14.013691176621514
2023-01-18 12:00:00,778,622,155,-0.159347572516074
2023-01-18 13:00:00,616,492,123,11.142108720806974
2023-01-18 14:00:00,705,564,141,5.8388928767838895
2023-01-18 15:00:00,621,497,124,2.930556925566685
2023-01-18 16:00:00,331,264,66,10.263505633899857
2023-01-18 17:00:00,103,82,20,9.164514690941925
2023-01-18 18:00:00,0,0,0,14.088661564359928
2023-01-18 19:00:00,0,0,0,11.361833245792088
2023-01-18 20:00:00,0,0,0,10.826347744443218
2023-01-18 21:00:00,0,0,0,10.369170733484163
2023-01-18 22:00:00,0,0,0,15.65613916047547
2023-01-18 23:00:00,0,0,0,-2.8247743899724753
2023-01-19 00:00:00,0,0,0,2.617854437469382
2023-01-19 01:00:00,0,0,0,12.839604069916474
2023-01-19 02:00:00,0,0,0,1.0168475839210736
2023-01-19 03:00:00,0,0,0,10.940602615869414
2023-01-19 04:00:00,0,0,0,8.3164649812594
2023-01-19 05:00:00,0,0,0,10.265501666171009
2023-01-19 06:00:00,0,0,0,12.853628427683674
2023-01-19 07:00:00,49,39,9,1.771052822360212
2023-01-19 08:00:00,270,216,54,11.066141322340224
2023-01-19 09:00:00,497,397,99,5.844522390620974
2023-01-19 10:00:00,503,403,100,-0.7664454896296018
2023-01-19 11:00:00,797,638,159,7.8892427759788095
2023-01-19 12:00:00,900,720,180,7.060477555993454
2023-01-19 13:00:00,668,534,133,13.463631233406531
2023-01-19 14:00:00,820,656,164,6.712677619486742
2023-01-19 15:00:00,578,462,115,2.872442425579921
2023-01-19 16:00:00,260,208,52,9.140843786884133
2023-01-19 17:00:00,109,87,21,6.586497429020407
2023-01-19 18:00:00,0,0,0,-0.02663827585113676
2023-01-19 19:00:00,0,0,0,6.434671041126984
2023-01-19 20:00:00,0,0,0,14.231340564887304
2023-01-19 21:00:00,0,0,0,0.9222200708833919
2023-01-19 22:00:00,0,0,0,7.362592212129721
2023-01-19 23:00:00,0,0,0,15.010965277920384
2023-01-20 00:00:00,0,0,0,5.667212553423576
2023-01-20 01:00:00,0,0,0,12.909181995125348
2023-01-20 02:00:00,0,0,0,-4.348234590375507
2023-01-20 03:00:00,0,0,0,8.413358515827184
2023-01-20 04:00:00,0,0,0,10.892321672952816
2023-01-20 05:00:00,0,0,0,12.473520096825673
2023-01-20 06:00:00,0,0,0,0.6937738858088833
2023-01-20 07:00:00,57,46,11,7.809626340078108
2023-01-20 08:00:00,305,244,61,18.76409032602293
2023-01-20 09:00:00,469,375,93,1.8214850485481682
2023-01-20 10:00:00,513,411,102,9.041252586750902
2023-01-20 11:00:00,596,477,119,5.596593625016863
2023-01-20 12:00:00,760,608,152,1.6230900884758315
2023-01-20 13:00:00,937,749,187,0.9902730582983787
2023-01-20 14:00:00,777,621,155,12.301944021184127
2023-01-20 15:00:00,535,428,107,9.733324751782048
2023-01-20 16:00:00,373,298,74,16.753315404374682
2023-01-20 17:00:00,117,94,23,7.894198699507098
2023-01-20 18:00:00,0,0,0,7.555033310707699
2023-01-20 19:00:00,0,0,0,4.173927795299845
2023-01-20 20:00:00,0,0,0,8.756588790978268
2023-01-20 21:00:00,0,0,0,7.2880205044820325
2023-01-20 22:00:00,0,0,0,8.430948199398228
2023-01-20 23:00:00,0,0,0,8.359885465268007
2023-01-21 00:00:00,0,0,0,1.0553395420408958
2023-01-21 01:00:00,0,0,0,8.008646410912368
2023-01-21 02:00:00,0,0,0,11.059799975151648
2023-01-21 03:00:00,0,0,0,0.4110179215053229
2023-01-21 04:00:00,0,0,0,7.728875595341165
2023-01-21 05:00:00,0,0,0,11.735329775658537
2023-01-21 06:00:00,0,0,0,2.3647856734077948
2023-01-21 07:00:00,60,48,12,0.036438499872449626
2023-01-21 08:00:00,308,246,61,-1.4713264975385876
2023-01-21 09:00:00,599,479,119,4.8368553822959575
2023-01-21 10:00:00,624,499,124,4.791841174266629
2023-01-21 11:00:00,579,463,115,6.1601450861871
2023-01-21 12:00:00,724,579,144,10.0987944055154
2023-01-21 13:00:00,600,480,120,10.730886432051115
2023-01-21 14:00:00,844,675,168,6.236734597743337
2023-01-21 15:00:00,432,345,86,2.548125796256974
2023-01-21 16:00:00,356,285,71,3.258542368414764
2023-01-21 17:00:00,106,85,21,0.718285196404274
2023-01-21 18:00:00,0,0,0,5.008231736749215
2023-01-21 19:00:00,0,0,0,12.490463694803422
2023-01-21 20:00:00,0,0,0,10.743789962367018
2023-01-21 21:00:00,0,0,0,9.635159164038813
2023-01-21 22:00:00,0,0,0,8.203497995808585
2023-01-21 23:00:00,0,0,0,2.166430597405949
2023-01-22 00:00:00,0,0,0,-0.60039140742645
2023-01-22 01:00:00,0,0,0,8.203650570455952
2023-01-22 02:00:00,0,0,0,5.577238191772778
2023-01-22 03:00:00,0,0,0,9.11117396196541
2023-01-22 04:00:00,0,0,0,13.151059320996541
2023-01-22 05:00:00,0,0,0,14.69594985717202
2023-01-22 06:00:00,0,0,0,11.604881438414159
2023-01-22 07:00:00,68,54,13,12.684703466775382
2023-01-22 08:00:00,239,191,47,5.003940855724048
2023-01-22 09:00:00,458,366,91,1.4668046568638982
2023-01-22 10:00:00,511,409,102,6.323469439044921
2023-01-22 11:00:00,704,563,140,5.398562149155292
2023-01-22 12:00:00,872,697,174,8.625741187609169
2023-01-22 13:00:00,618,494,123,6.453683044368533
2023-01-22 14:00:00,819,655,163,6.5525621060845705
2023-01-22 15:00:00,526,421,105,-0.6407014056372375
2023-01-22 16:00:00,260,208,52,-2.7606172351256575
2023-01-22 17:00:00,99,79,19,4.838282777632669
2023-01-22 18:00:00,0,0,0,2.0065759568685912
2023-01-22 19:00:00,0,0,0,4.571828011608751
2023-01-22 20:00:00,0,0,0,-5.131417285269526
2023-01-22 21:00:00,0,0,0,7.324400631414251
2023-01-22 22:00:00,0,0,0,2.7298847348659407
2023-01-22 23:00:00,0,0,0,5.949765882421696
2023-01-23 00:00:00,0,0,0,-1.1061859184355214
2023-01-23 01:00:00,0,0,0,7.2116926152982535
2023-01-23 02:00:00,0,0,0,10.263317737127593
2023-01-23 03:00:00,0,0,0,5.7792376768349305
2023-01-23 04:00:00,0,0,0,18.062897743861335
2023-01-23 05:00:00,0,0,0,7.0586783886362525
2023-01-23 06:00:00,0,0,0,10.364107927872134
2023-01-23 07:00:00,59,47,11,1.9786738919177163
2023-01-23 08:00:00,313,250,62,9.189028410013568
2023-01-23 09:00:00,478,382,95,3.8909610231936966
2023-01-23 10:00:00,555,444,111,-3.625586285982651
2023-01-23 11:00:00,754,603,150,11.937355988013927
2023-01-23 12:00:00,806,645,161,11.075918258535442
2023-01-23 13:00:00,713,570,142,10.684028987638525
2023-01-23 14:00:00,641,513,128,13.2454498596464
2023-01-23 15:00:00,581,465,116,17.108990748885486
2023-01-23 16:00:00,280,224,56,7.064276088489062
2023-01-23 17:00:00,123,98,24,2.6508836522590364
2023-01-23 18:00:00,0,0,0,12.41732533603587
2023-01-23 19:00:00,0,0,0,1.325247263535939
2023-01-23 20:00:00,0,0,0,3.852709630215423
2023-01-23 21:00:00,0,0,0,11.105182459041618
2023-01-23 22:00:00,0,0,0,10.026552553834097
2023-01-23 23:00:00,0,0,0,1.5550906787985106
2023-01-24 00:00:00,0,0,0,9.470179029355506
2023-01-24 01:00:00,0,0,0,6.380860934511423
2023-01-24 02:00:00,0,0,0,12.995434258359069
2023-01-24 03:00:00,0,0,0,7.265153372336949
2023-01-24 04:00:00,0,0,0,2.251359771270872
2023-01-24 05:00:00,0,0,0,13.331379819848362
2023-01-24 06:00:00,0,0,0,2.6797314077234526
2023-01-24 07:00:00,59,47,11,5.631577877262633
2023-01-24 08:00:00,326,260,65,4.375937283377456
2023-01-24 09:00:00,563,450,112,8.641176368281293
2023-01-24 10:00:00,509,407,101,16.089474822470613
2023-01-24 11:00:00,914,731,182,3.4697016945384203
2023-01-24 12:00:00,687,550,137,9.182739733784643
2023-01-24 13:00:00,924,739,184,5.845117374092174
2023-01-24 14:00:00,792,634,158,6.273966731256343
2023-01-24 15:00:00,614,491,122,3.7751244462731104
2023-01-24 16:00:00,374,299,74,11.003154119550109
2023-01-24 17:00:00,132,105,26,6.408314444407498
2023-01-24 18:00:00,0,0,0,2.6992636653177975
2023-01-24 19:00:00,0,0,0,13.317368994176336
2023-01-24 20:00:00,0,0,0,4.568402612825844
2023-01-24 21:00:00,0,0,0,16.620577992896603
2023-01-24 22:00:00,0,0,0,8.704278900696252
2023-01-24 23:00:00,0,0,0,3.47816035163941
2023-01-25 00:00:00,0,0,0,5.304394793303131
2023-01-25 01:00:00,0,0,0,10.512878376445517
2023-01-25 02:00:00,0,0,0,5.749681511679963
2023-01-25 03:00:00,0,0,0,-2.360611756076982
2023-01-25 04:00:00,0,0,0,6.8563074425664166
2023-01-25 05:00:00,0,0,0,10.270880343300188
2023-01-25 06:00:00,0,0,0,18.747350154547632
2023-01-25 07:00:00,77,61,15,4.47293295373061
2023-01-25 08:00:00,326,261,65,8.360339567100713
2023-01-25 09:00:00,511,408,102,4.648335178655804
2023-01-25 10:00:00,769,615,153,11.350811168184833
2023-01-25 11:00:00,898,719,179,8.462694657892463
2023-01-25 12:00:00,950,760,190,3.204954319886128
2023-01-25 13:00:00,676,541,135,5.120217022138121
2023-01-25 14:00:00,567,454,113,7.985375274968497
2023-01-25 15:00:00,606,485,121,8.229715490481048
2023-01-25 16:00:00,322,257,64,14.997595113308758
2023-01-25 17:00:00,148,119,29,10.863142711420775
2023-01-25 18:00:00,0,0,0,16.841397971785874
2023-01-25 19:00:00,0,0,0,9.16334349945831
2023-01-25 20:00:00,0,0,0,2.536886461687372
2023-01-25 21:00:00,0,0,0,2.3985884323242246
2023-01-25 22:00:00,0,0,0,7.587256076974851
2023-01-25 23:00:00,0,0,0,8.21294108201766
2023-01-26 00:00:00,0,0,0,3.29209704015404
2023-01-26 01:00:00,0,0,0,7.674269152543962
2023-01-26 02:00:00,0,0,0,3.8349280649194943
2023-01-26 03:00:00,0,0,0,6.623348891423088
2023-01-26 04:00:00,0,0,0,14.835640402322294
2023-01-26 05:00:00,0,0,0,7.0144946728787545
2023-01-26 06:00:00,0,0,0,10.050495870850595
2023-01-26 07:00:00,74,59,14,7.1041330880934295
2023-01-26 08:00:00,338,270,67,9.50872694310714
2023-01-26 09:00:00,481,385,96,8.224951066710606
2023-01-26 10:00:00,611,489,122,7.28382669373028
2023-01-26 11:00:00,919,735,183,10.823100359237092
2023-01-26 12:00:00,876,701,175,14.077348451617848
2023-01-26 13:00:00,753,602,150,7.542924245988185
2023-01-26 14:00:00,528,423,105,13.172397983012065
2023-01-26 15:00:00,567,453,113,11.718722765298914
2023-01-26 16:00:00,327,261,65,3.530484957241386
2023-01-26 17:00:00,134,107,26,12.265420416172612
2023-01-26 18:00:00,0,0,0,6.151873171471634
2023-01-26 19:00:00,0,0,0,5.133800497956624
2023-01-26 20:00:00,0,0,0,13.500931943149101
2023-01-26 21:00:00,0,0,0,6.200938737607594
2023-01-26 22:00:00,0,0,0,6.397899793387257
2023-01-26 23:00:00,0,0,0,13.325343134523209
2023-01-27 00:00:00,0,0,0,11.058214150823986
2023-01-27 01:00:00,0,0,0,4.36582591165892
2023-01-27 02:00:00,0,0,0,12.025643771936888
2023-01-27 03:00:00,0,0,0,8.847045736790829
2023-01-27 04:00:00,0,0,0,11.686956088357045
2023-01-27 05:00:00,0,0,0,5.383750669004685
2023-01-27 06:00:00,0,0,0,7.249202111770697
2023-01-27 07:00:00,77,61,15,2.510458457860766
2023-01-27 08:00:00,304,243,60,1.24479934832119
2023-01-27 09:00:00,431,345,86,2.7618943359609194
2023-01-27 10:00:00,543,435,108,2.8391943616773423
2023-01-27 11:00:00,803,643,160,7.4066089521070255
2023-01-27 12:00:00,746,597,149,12.79683660047995
2023-01-27 13:00:00,663,530,132,18.770436628341088
2023-01-27 14:00:00,770,616,154,0.21447121822007276
2023-01-27 15:00:00,483,386,96,1.2608628062158305
2023-01-27 16:00:00,401,321,80,10.44059254801003
2023-01-27 17:00:00,129,103,25,0.1338620102579151
2023-01-27 18:00:00,0,0,0,3.770811575306472
2023-01-27 19:00:00,0,0,0,13.764195187974536
2023-01-27 20:00:00,0,0,0,9.899923039379283
2023-01-27 21:00:00,0,0,0,9.431240271386567
2023-01-27 22:00:00,0,0,0,13.596980088240937
2023-01-27 23:00:00,0,0,0,7.351336882831182
2023-01-28 00:00:00,0,0,0,6.168333726419155
2023-01-28 01:00:00,0,0,0,7.827761519288674
2023-01-28 02:00:00,0,0,0,8.935967764225063
2023-01-28 03:00:00,0,0,0,9.615538190467225
2023-01-28 04:00:00,0,0,0,13.923165175976749
2023-01-28 05:00:00,0,0,0,7.146459761217135
2023-01-28 06:00:00,0,0,0,7.769231669557505
2023-01-28 07:00:00,74,59,14,4.001636419610094
2023-01-28 08:00:00,310,248,62,4.394846615395329
2023-01-28 09:00:00,603,482,120,18.067109075145893
2023-01-28 10:00:00,719,575,143,8.1417944346475
2023-01-28 11:00:00,860,688,172,11.92283540856025
2023-01-28 12:00:00,920,736,184,11.220824144547022
2023-01-28 13:00:00,961,769,192,9.176935379766434
2023-01-28 14:00:00,691,553,138,7.74493127540945
2023-01-28 15:00:00,552,442,110,3.1384518871824296
2023-01-28 16:00:00,331,265,66,10.944613220427982
2023-01-28 17:00:00,168,135,33,5.521071389262974
2023-01-28 18:00:00,0,0,0,14.155842274517783
2023-01-28 19:00:00,0,0,0,3.3538406187800955
2023-01-28 20:00:00,0,0,0,11.207604081106322
2023-01-28 21:00:00,0,0,0,6.762728145484237
2023-01-28 22:00:00,0,0,0,11.795951493967815
2023-01-28 23:00:00,0,0,0,1.8696057720021706
2023-01-29 00:00:00,0,0,0,0.8941615017435174
2023-01-29 01:00:00,0,0,0,4.5424144471229315
2023-01-29 02:00:00,0,0,0,10.548449396813066
2023-01-29 03:00:00,0,0,0,1.7581041221168139
2023-01-29 04:00:00,0,0,0,8.5721054407018
2023-01-29 05:00:00,0,0,0,10.56341269381009
2023-01-29 06:00:00,0,0,0,7.939761341595305
2023-01-29 07:00:00,69,55,13,11.534495764242061
2023-01-29 08:00:00,291,233,58,11.929330284109607
2023-01-29 09:00:00,486,389,97,4.497776640160984
2023-01-29 10:00:00,526,421,105,3.803791599951033
2023-01-29 11:00:00,700,560,140,-0.21126735961468057
2023-01-29 12:00:00,701,561,140,2.296843004770105
2023-01-29 13:00:00,808,647,161,11.51890386421239
2023-01-29 14:00:00,732,586,146,6.06898080445319
2023-01-29 15:00:00,501,401,100,23.104875220011824
2023-01-29 16:00:00,397,317,79,12.859962499221535
2023-01-29 17:00:00,107,85,21,8.406552358651487
2023-01-29 18:00:00,0,0,0,5.4722122585569455
2023-01-29 19:00:00,0,0,0,5.063640697530644
2023-01-29 20:00:00,0,0,0,4.036878135195599
2023-01-29 21:00:00,0,0,0,8.406666199147029
2023-01-29 22:00:00,0,0,0,0.4535710778263926
2023-01-29 23:00:00,0,0,0,-1.1422138751989444
2023-01-30 00:00:00,0,0,0,6.202022231952004
2023-01-30 01:00:00,0,0,0,8.13230667147528
2023-01-30 02:00:00,0,0,0,6.403736895664387
2023-01-30 03:00:00,0,0,0,8.045578534335828
2023-01-30 04:00:00,0,0,0,2.4635157015812723
2023-01-30 05:00:00,0,0,0,13.174189355937553
2023-01-30 06:00:00,0,0,0,5.598617006265435
2023-01-30 07:00:00,81,65,16,13.49732984755284
2023-01-30 08:00:00,354,283,70,7.026739521609789
2023-01-30 09:00:00,546,437,109,1.0168836184710477
2023-01-30 10:00:00,498,398,99,8.496852746487125
2023-01-30 11:00:00,581,464,116,16.872351324180002
2023-01-30 12:00:00,716,572,143,6.3086010993116
2023-01-30 13:00:00,644,515,128,4.489533023493474
2023-01-30 14:00:00,680,544,136,12.161376611220838
2023-01-30 15:00:00,536,429,107,8.664201261908806
2023-01-30 16:00:00,393,314,78,8.997201111315995
2023-01-30 17:00:00,182,145,36,3.646207594240648
2023-01-30 18:00:00,0,0,0,10.867268816293269
2023-01-30 19:00:00,0,0,0,6.2110856521303965
2023-01-30 20:00:00,0,0,0,16.508952824164176
2023-01-30 21:00:00,0,0,0,7.809314180485304
2023-01-30 22:00:00,0,0,0,12.415096304572693
2023-01-30 23:00:00,0,0,0,6.477266543932081
2023-01-31 00:00:00,0,0,0,4.445554618567565
2023-01-31 01:00:00,0,0,0,10.651919274358338
2023-01-31 02:00:00,0,0,0,9.155302593383054
2023-01-31 03:00:00,0,0,0,10.04938135123638
2023-01-31 04:00:00,0,0,0,14.206854567767964
2023-01-31 05:00:00,0,0,0,10.345673779371982
2023-01-31 06:00:00,0,0,0,9.099075440354174
2023-01-31 07:00:00,65,52,13,6.340223171893882
2023-01-31 08:00:00,360,288,72,4.3756638933672285
2023-01-31 09:00:00,553,442,110,17.043164805103274
2023-01-31 10:00:00,515,412,103,6.455429719679551
2023-01-31 11:00:00,909,727,181,10.063545651852094
2023-01-31 12:00:00,963,770,192,3.9961470389124054
2023-01-31 13:00:00,624,499,124,15.897602777805748
2023-01-31 14:00:00,734,587,146,11.135382197417517
2023-01-31 15:00:00,502,401,100,15.1711008789974
2023-01-31 16:00:00,381,305,76,11.639115533304755
2023-01-31 17:00:00,131,104,26,7.895379567342226
2023-01-31 18:00:00,0,0,0,18.92539402133395
2023-01-31 19:00:00,0,0,0,12.65773927241074
2023-01-31 20:00:00,0,0,0,5.801055963642905
2023-01-31 21:00:00,0,0,0,10.442582501143297
2023-01-31 22:00:00,0,0,0,3.814822825014306
2023-01-31 23:00:00,0,0,0,7.698851898334375
2023-02-01 00:00:00,0,0,0,11.321114240284132
2023-02-01 01:00:00,0,0,0,15.821951033615823
2023-02-01 02:00:00,0,0,0,-0.43588028210186636
2023-02-01 03:00:00,0,0,0,-0.6905417792989947
2023-02-01 04:00:00,0,0,0,13.00430395511772
2023-02-01 05:00:00,0,0,0,11.953686013194185
2023-02-01 06:00:00,0,0,0,5.098989918882489
2023-02-01 07:00:00,96,76,19,10.923952071290268
2023-02-01 08:00:00,360,288,72,8.292632863609626
2023-02-01 09:00:00,547,437,109,0.8520339310819942
2023-02-01 10:00:00,640,512,128,14.114881232776758
2023-02-01 11:00:00,920,736,184,7.05830553249985
2023-02-01 12:00:00,750,600,150,14.066367184292247
2023-02-01 13:00:00,863,690,172,9.118904808935403
2023-02-01 14:00:00,786,629,157,3.54790692522832
2023-02-01 15:00:00,669,535,133,12.777871408845026
2023-02-01 16:00:00,400,320,80,-0.20122275334715134
2023-02-01 17:00:00,157,126,31,5.397779863484137
2023-02-01 18:00:00,0,0,0,3.4296545553042117
2023-02-01 19:00:00,0,0,0,5.89149299253763
2023-02-01 20:00:00,0,0,0,4.280769976124455
2023-02-01 21:00:00,0,0,0,20.24898555148185
2023-02-01 22:00:00,0,0,0,7.105335516148111
2023-02-01 23:00:00,0,0,0,13.810416829937468
2023-02-02 00:00:00,0,0,0,10.729584077656604
2023-02-02 01:00:00,0,0,0,8.305663121420638
2023-02-02 02:00:00,0,0,0,12.354233910978806
2023-02-02 03:00:00,0,0,0,4.249337082130959
2023-02-02 04:00:00,0,0,0,12.885601206912053
2023-02-02 05:00:00,0,0,0,12.057952374635736
2023-02-02 06:00:00,0,0,0,7.452361079573873
2023-02-02 07:00:00,61,48,12,9.538335761183681
2023-02-02 08:00:00,253,203,50,11.089090740532132
2023-02-02 09:00:00,388,311,77,4.301071196929804
2023-02-02 10:00:00,618,494,123,14.83117019195036
2023-02-02 11:00:00,861,689,172,9.198886597558523
2023-02-02 12:00:00,903,723,180,3.6963450434658203
2023-02-02 13:00:00,905,724,181,3.5461686426023578
2023-02-02 14:00:00,845,676,169,7.062581810487132
2023-02-02 15:00:00,596,477,119,16.664156970246225
2023-02-02 16:00:00,365,292,73,7.987065941068675
2023-02-02 17:00:00,148,118,29,15.442390550590556
2023-02-02 18:00:00,0,0,0,8.351692170753655
2023-02-02 19:00:00,0,0,0,15.168289841429118
2023-02-02 20:00:00,0,0,0,3.7161426220704623
2023-02-02 21:00:00,0,0,0,2.226839213058736
2023-02-02 22:00:00,0,0,0,7.777943683171998
2023-02-02 23:00:00,0,0,0,13.28362162108905
2023-02-03 00:00:00,0,0,0,6.415680018478566
2023-02-03 01:00:00,0,0,0,11.8143076414676
2023-02-03 02:00:00,0,0,0,12.017322678880316
2023-02-03 03:00:00,0,0,0,16.92652908531593
2023-02-03 04:00:00,0,0,0,12.31901189734906
2023-02-03 05:00:00,0,0,0,9.802345539063452
2023-02-03 06:00:00,0,0,0,13.156702592474348
2023-02-03 07:00:00,99,79,19,13.468563054718404
2023-02-03 08:00:00,350,280,70,16.29204054633225
2023-02-03 09:00:00,580,464,116,7.662363420071346
2023-02-03 10:00:00,630,504,126,8.531435584496583
2023-02-03 11:00:00,805,644,161,19.87658511741189
2023-02-03 12:00:00,883,706,176,12.72671460750879
2023-02-03 13:00:00,676,540,135,2.794359655606608
2023-02-03 14:00:00,687,550,137,17.746608238936993
2023-02-03 15:00:00,480,384,96,9.344329350003662
2023-02-03 16:00:00,354,283,70,6.61921347349011
2023-02-03 17:00:00,196,157,39,4.931989267907472
2023-02-03 18:00:00,0,0,0,8.576428337504458
2023-02-03 19:00:00,0,0,0,14.211256092235452
2023-02-03 20:00:00,0,0,0,22.483677883718
2023-02-03 21:00:00,0,0,0,11.967471048688976
2023-02-03 22:00:00,0,0,0,5.14866280487733
2023-02-03 23:00:00,0,0,0,8.2446568918226
2023-02-04 00:00:00,0,0,0,5.017459243131954
2023-02-04 01:00:00,0,0,0,11.498424722315512
2023-02-04 02:00:00,0,0,0,10.080063458461717
2023-02-04 03:00:00,0,0,0,9.496382710125829
2023-02-04 04:00:00,0,0,0,17.449044536694892
2023-02-04 05:00:00,0,0,0,3.4222459701403762
2023-02-04 06:00:00,0,0,0,15.326152575261462
2023-02-04 07:00:00,70,56,14,9.841917598517615
2023-02-04 08:00:00,245,196,49,3.3298413625248706
2023-02-04 09:00:00,507,406,101,14.24426297356126
2023-02-04 10:00:00,718,574,143,2.576693627445052
2023-02-04 11:00:00,698,558,139,7.095361936359312
2023-02-04 12:00:00,886,709,177,0.26695527478091385
2023-02-04 13:00:00,967,773,193,12.536068409141599
2023-02-04 14:00:00,862,690,172,8.267335231350412
2023-02-04 15:00:00,548,439,109,6.243339521902745
2023-02-04 16:00:00,369,295,73,-0.6826059411734686
2023-02-04 17:00:00,158,126,31,3.390753791957586
2023-02-04 18:00:00,0,0,0,19.33919410855673
2023-02-04 19:00:00,0,0,0,9.792200148214164
2023-02-04 20:00:00,0,0,0,5.0667980567893
2023-02-04 21:00:00,0,0,0,16.651342885237487
2023-02-04 22:00:00,0,0,0,11.21570643279799
2023-02-04 23:00:00,0,0,0,7.3933433720154325
2023-02-05 00:00:00,0,0,0,6.259981889938608
2023-02-05 01:00:00,0,0,0,3.518180576293248
2023-02-05 02:00:00,0,0,0,11.687965550133226
2023-02-05 03:00:00,0,0,0,7.1364790825348035
2023-02-05 04:00:00,0,0,0,4.114436751418685
2023-02-05 05:00:00,0,0,0,9.248973477898845
2023-02-05 06:00:00,0,0,0,8.091295882082148
2023-02-05 07:00:00,106,84,21,6.621684620823551
2023-02-05 08:00:00,326,261,65,15.802548960490729
2023-02-05 09:00:00,614,491,122,12.48552673315242
2023-02-05 10:00:00,627,502,125,9.0998945730646
2023-02-05 11:00:00,741,593,148,9.457857130361171
2023-02-05 12:00:00,762,609,152,14.017873503085948
2023-02-05 13:00:00,879,703,175,11.529013173358072
2023-02-05 14:00:00,706,565,141,3.274826798076453
2023-02-05 15:00:00,605,484,121,-1.8770539579667602
2023-02-05 16:00:00,298,238,59,10.029076601577062
2023-02-05 17:00:00,181,144,36,9.128044512130009
2023-02-05 18:00:00,0,0,0,5.861610784755317
2023-02-05 19:00:00,0,0,0,7.779015288995152
2023-02-05 20:00:00,0,0,0,5.5265148272026146
2023-02-05 21:00:00,0,0,0,8.792523899147119
2023-02-05 22:00:00,0,0,0,13.837124539695079
2023-02-05 23:00:00,0,0,0,14.793346113427678
2023-02-06 00:00:00,0,0,0,10.025328256454529
2023-02-06 01:00:00,0,0,0,3.862780472191327
2023-02-06 02:00:00,0,0,0,1.8166235638446668
2023-02-06 03:00:00,0,0,0,13.480138414016434
2023-02-06 04:00:00,0,0,0,9.86269899870111
2023-02-06 05:00:00,0,0,0,12.144931850131252
2023-02-06 06:00:00,0,0,0,2.8414059430445313
2023-02-06 07:00:00,76,61,15,19.602377228105365
2023-02-06 08:00:00,260,208,52,13.706075962035026
2023-02-06 09:00:00,523,419,104,11.957837480804237
2023-02-06 10:00:00,626,500,125,5.769053761493307
2023-02-06 11:00:00,796,637,159,11.461791813303302
2023-02-06 12:00:00,840,672,168,12.82064862037966
2023-02-06 13:00:00,761,609,152,13.155094512897987
2023-02-06 14:00:00,697,558,139,9.614054692380398
2023-02-06 15:00:00,610,488,122,10.709116027148399
2023-02-06 16:00:00,470,376,94,11.061834712391438
2023-02-06 17:00:00,162,130,32,8.31166513876828
2023-02-06 18:00:00,0,0,0,3.9168733797027677
2023-02-06 19:00:00,0,0,0,6.27829684896341
2023-02-06 20:00:00,0,0,0,6.64509252156021
2023-02-06 21:00:00,0,0,0,14.9827093699693
2023-02-06 22:00:00,0,0,0,17.947475429234437
2023-02-06 23:00:00,0,0,0,3.9754040478177997
2023-02-07 00:00:00,0,0,0,4.043419677653176
2023-02-07 01:00:00,0,0,0,6.34448995993519
2023-02-07 02:00:00,0,0,0,1.952388128256045
2023-02-07 03:00:00,0,0,0,5.742789762931506
2023-02-07 04:00:00,0,0,0,10.653732071068355
2023-02-07 05:00:00,0,0,0,-2.7484970836410305
2023-02-07 06:00:00,0,0,0,1.4325250158836145
2023-02-07 07:00:00,76,61,15,6.512647795279111
2023-02-07 08:00:00,247,197,49,-4.275535101732812
2023-02-07 09:00:00,460,368,92,2.6497235385471436
2023-02-07 10:00:00,544,435,108,16.56317158777584
2023-02-07 11:00:00,816,653,163,14.73880161126872
2023-02-07 12:00:00,866,693,173,7.8830903012249145
2023-02-07 13:00:00,810,648,162,14.234900071083704
2023-02-07 14:00:00,550,440,110,18.288272757842215
2023-02-07 15:00:00,515,412,103,8.955398581464108
2023-02-07 16:00:00,469,375,93,10.631214859402192
2023-02-07 17:00:00,185,148,37,11.77559616661441
2023-02-07 18:00:00,0,0,0,5.369370977638795
2023-02-07 19:00:00,0,0,0,3.2432212629363217
2023-02-07 20:00:00,0,0,0,11.180621371629325
2023-02-07 21:00:00,0,0,0,6.028761708545127
2023-02-07 22:00:00,0,0,0,14.566997082085921
2023-02-07 23:00:00,0,0,0,7.082991970519189
2023-02-08 00:00:00,0,0,0,15.015526437281713
2023-02-08 01:00:00,0,0,0,4.9164529772022805
2023-02-08 02:00:00,0,0,0,5.98396168047176
2023-02-08 03:00:00,0,0,0,7.8944853346309785
2023-02-08 04:00:00,0,0,0,9.552897469708087
2023-02-08 05:00:00,0,0,0,9.207748418809496
2023-02-08 06:00:00,0,0,0,11.660985906023456
2023-02-08 07:00:00,90,72,18,12.683271173676063
2023-02-08 08:00:00,381,305,76,9.835739953441513
2023-02-08 09:00:00,392,313,78,6.6296574005483215
2023-02-08 10:00:00,726,581,145,17.843301697515948
2023-02-08 11:00:00,595,476,119,16.710822793352314
2023-02-08 12:00:00,850,680,170,10.638999789492246
2023-02-08 13:00:00,753,602,150,13.375043641642058
2023-02-08 14:00:00,682,546,136,11.475924688407416
2023-02-08 15:00:00,693,555,138,9.261128434621543
2023-02-08 16:00:00,486,389,97,8.80410282567954
2023-02-08 17:00:00,224,179,44,22.62140985189684
2023-02-08 18:00:00,0,0,0,9.934864603421367
2023-02-08 19:00:00,0,0,0,5.732831512388396
2023-02-08 20:00:00,0,0,0,7.504633380767969
2023-02-08 21:00:00,0,0,0,13.768742636837475
2023-02-08 22:00:00,0,0,0,3.10414436550366
2023-02-08 23:00:00,0,0,0,0.8184109930477312
2023-02-09 00:00:00,0,0,0,15.745022562716482
2023-02-09 01:00:00,0,0,0,12.376035958972572
2023-02-09 02:00:00,0,0,0,26.172355604782453
2023-02-09 03:00:00,0,0,0,21.01983533783642
2023-02-09 04:00:00,0,0,0,4.15286878550348
2023-02-09 05:00:00,0,0,0,6.263119073442059
2023-02-09 06:00:00,0,0,0,7.376186155350661
2023-02-09 07:00:00,117,93,23,14.018941706599467
2023-02-09 08:00:00,369,295,73,13.623248132415997
2023-02-09 09:00:00,611,489,122,13.83938760557381
2023-02-09 10:00:00,536,429,107,5.624164036861314
2023-02-09 11:00:00,827,662,165,7.485254344011804
2023-02-09 12:00:00,762,610,152,6.345750529079183
2023-02-09 13:00:00,784,627,156,3.1516746996558638
2023-02-09 14:00:00,633,506,126,7.572790974657142
2023-02-09 15:00:00,658,527,131,9.17913351421944
2023-02-09 16:00:00,307,245,61,0.35488022852213064
2023-02-09 17:00:00,162,130,32,15.192349334345463
2023-02-09 18:00:00,0,0,0,7.274035586818455
2023-02-09 19:00:00,0,0,0,3.446429232604304
2023-02-09 20:00:00,0,0,0,14.112090308849275
2023-02-09 21:00:00,0,0,0,1.1746437849102982
2023-02-09 22:00:00,0,0,0,12.560017948564347
2023-02-09 23:00:00,0,0,0,3.0621916118090837
2023-02-10 00:00:00,0,0,0,11.179146070152456
2023-02-10 01:00:00,0,0,0,13.200108468051097
2023-02-10 02:00:00,0,0,0,0.4626124763240931
2023-02-10 03:00:00,0,0,0,8.890785241418323
2023-02-10 04:00:00,0,0,0,6.6609736202717835
2023-02-10 05:00:00,0,0,0,9.378372457658916
2023-02-10 06:00:00,0,0,0,19.526705645772637
2023-02-10 07:00:00,106,85,21,1.5338491898755873
2023-02-10 08:00:00,306,245,61,13.17033652035012
2023-02-10 09:00:00,389,311,77,9.320812342983984
2023-02-10 10:00:00,598,479,119,14.082251445146685
2023-02-10 11:00:00,901,721,180,15.8178284859098
2023-02-10 12:00:00,869,695,173,12.568202182750733
2023-02-10 13:00:00,900,720,180,10.44183456444154
2023-02-10 14:00:00,771,617,154,9.948278804583174
2023-02-10 15:00:00,441,352,88,16.69940203228091
2023-02-10 16:00:00,470,376,94,9.217788661757663
2023-02-10 17:00:00,170,136,34,5.424369385450382
2023-02-10 18:00:00,0,0,0,9.502388448836884
2023-02-10 19:00:00,0,0,0,10.597885265355119
2023-02-10 20:00:00,0,0,0,12.208004708576382
2023-02-10 21:00:00,0,0,0,15.985080554430215
2023-02-10 22:00:00,0,0,0,10.20235034877517
2023-02-10 23:00:00,0,0,0,16.931484991878538
2023-02-11 00:00:00,0,0,0,9.394239447908584
2023-02-11 01:00:00,0,0,0,5.08583635123038
2023-02-11 02:00:00,0,0,0,8.665831812406815
2023-02-11 03:00:00,0,0,0,15.492786246463586
2023-02-11 04:00:00,0,0,0,13.063198557668604
2023-02-11 05:00:00,0,0,0,10.756633263894322
2023-02-11 06:00:00,0,0,0,11.956068821058317
2023-02-11 07:00:00,89,71,17,12.346759182701044
2023-02-11 08:00:00,371,297,74,12.32393441056536
2023-02-11 09:00:00,576,461,115,12.486023615742363
2023-02-11 10:00:00,659,527,131,9.19306175009503
2023-02-11 11:00:00,888,710,177,6.6347652720669785
2023-02-11 12:00:00,813,650,162,15.300612313249331
2023-02-11 13:00:00,878,703,175,12.74608504383864
2023-02-11 14:00:00,555,444,111,13.551868813750652
2023-02-11 15:00:00,474,379,94,11.477984036733954
2023-02-11 16:00:00,477,381,95,13.397318242355839
2023-02-11 17:00:00,159,127,31,11.220526629170367
2023-02-11 18:00:00,0,0,0,11.218824627255577
2023-02-11 19:00:00,0,0,0,8.258893626067351
2023-02-11 20:00:00,0,0,0,5.290325454339576
2023-02-11 21:00:00,0,0,0,18.106607324639526
2023-02-11 22:00:00,0,0,0,7.179374091095882
2023-02-11 23:00:00,0,0,0,19.445777243042592
2023-02-12 00:00:00,0,0,0,15.086850308688302
2023-02-12 01:00:00,0,0,0,7.786044917456229
2023-02-12 02:00:00,0,0,0,14.38756518120766
2023-02-12 03:00:00,0,0,0,10.042445181216976
2023-02-12 04:00:00,0,0,0,3.074327030598438
2023-02-12 05:00:00,0,0,0,6.808055544602592
2023-02-12 06:00:00,0,0,0,11.464707846079895
2023-02-12 07:00:00,98,78,19,12.67221247523496
2023-02-12 08:00:00,279,223,55,6.985767704850296
2023-02-12 09:00:00,427,341,85,8.36892226321763
2023-02-12 10:00:00,526,420,105,8.82438102947731
2023-02-12 11:00:00,879,703,175,13.328195220629201
2023-02-12 12:00:00,694,555,138,11.068753745474138
2023-02-12 13:00:00,689,551,137,15.15335304294324
2023-02-12 14:00:00,547,437,109,4.881929878555769
2023-02-12 15:00:00,607,486,121,12.644523393819787
2023-02-12 16:00:00,400,320,80,11.190087063851365
2023-02-12 17:00:00,155,124,31,10.047813531268641
2023-02-12 18:00:00,0,0,0,8.00333011708422
2023-02-12 19:00:00,0,0,0,8.764891447867887
2023-02-12 20:00:00,0,0,0,15.706516243685135
2023-02-12 21:00:00,0,0,0,9.76821324496537
2023-02-12 22:00:00,0,0,0,6.874911290147176
2023-02-12 23:00:00,0,0,0,11.652258128842192
2023-02-13 00:00:00,0,0,0,1.3315202352436586
2023-02-13 01:00:00,0,0,0,12.448364792802082
2023-02-13 02:00:00,0,0,0,10.261199248597245
2023-02-13 03:00:00,0,0,0,12.618178842529115
2023-02-13 04:00:00,0,0,0,7.244073474132186
2023-02-13 05:00:00,0,0,0,-1.0479426499747966
2023-02-13 06:00:00,0,0,0,7.0127644477238515
2023-02-13 07:00:00,87,69,17,10.116698043765386
2023-02-13 08:00:00,256,205,51,11.527573798680013
2023-02-13 09:00:00,549,439,109,14.894074538410393
2023-02-13 10:00:00,769,615,153,7.533452017783356
2023-02-13 11:00:00,832,665,166,9.418616296268333
2023-02-13 12:00:00,761,609,152,10.538633379786631
2023-02-13 13:00:00,953,762,190,0.9714861144868383
2023-02-13 14:00:00,546,437,109,9.194513051449137
2023-02-13 15:00:00,616,493,123,15.715176453901844
2023-02-13 16:00:00,398,318,79,5.635939209743575
2023-02-13 17:00:00,169,135,33,8.79255458935673
2023-02-13 18:00:00,0,0,0,13.239961290090175
2023-02-13 19:00:00,0,0,0,17.554765103617136
2023-02-13 20:00:00,0,0,0,3.269949794740689
2023-02-13 21:00:00,0,0,0,5.382291939361184
2023-02-13 22:00:00,0,0,0,4.894645785609723
2023-02-13 23:00:00,0,0,0,18.793901670325866
2023-02-14 00:00:00,0,0,0,4.281495313299171
2023-02-14 01:00:00,0,0,0,9.105826749736948
2023-02-14 02:00:00,0,0,0,11.90494510394685
2023-02-14 03:00:00,0,0,0,16.52295322731682
2023-02-14 04:00:00,0,0,0,11.426350027347286
2023-02-14 05:00:00,0,0,0,7.891024487980976
2023-02-14 06:00:00,0,0,0,8.178759052096499
2023-02-14 07:00:00,81,65,16,12.97234819489237
2023-02-14 08:00:00,255,204,51,12.22852815841789
2023-02-14 09:00:00,503,402,100,17.24535089025748
2023-02-14 10:00:00,674,539,134,7.606538010630409
2023-02-14 11:00:00,594,475,118,20.843804851985738
2023-02-14 12:00:00,648,518,129,10.856252689268713
2023-02-14 13:00:00,598,478,119,12.325465391141037
2023-02-14 14:00:00,763,611,152,8.992113575314567
2023-02-14 15:00:00,695,556,139,9.353248802101726
2023-02-14 16:00:00,326,260,65,9.259703554860453
2023-02-14 17:00:00,229,183,45,3.0466201311229266
2023-02-14 18:00:00,0,0,0,18.25497793978708
2023-02-14 19:00:00,0,0,0,12.196194857372522
2023-02-14 20:00:00,0,0,0,12.226910775838803
2023-02-14 21:00:00,0,0,0,14.980958250509335
2023-02-14 22:00:00,0,0,0,9.3605722481448
2023-02-14 23:00:00,0,0,0,1.0728745625448113
2023-02-15 00:00:00,0,0,0,12.679747114263034
2023-02-15 01:00:00,0,0,0,10.196718104406624
2023-02-15 02:00:00,0,0,0,24.778686405156577
2023-02-15 03:00:00,0,0,0,13.767362011829324
2023-02-15 04:00:00,0,0,0,8.631465622510781
2023-02-15 05:00:00,0,0,0,16.44283980924417
2023-02-15 06:00:00,0,0,0,3.17738467703355
2023-02-15 07:00:00,122,97,24,15.842226765701648
2023-02-15 08:00:00,254,203,50,13.08451329922971
2023-02-15 09:00:00,584,467,116,15.351178109011787
2023-02-15 10:00:00,643,514,128,7.4827473713208015
2023-02-15 11:00:00,678,542,135,10.746165453429102
2023-02-15 12:00:00,655,524,131,9.598509238813104
2023-02-15 13:00:00,636,509,127,5.875928975586427
2023-02-15 14:00:00,785,628,157,14.024180885934722
2023-02-15 15:00:00,475,380,95,5.50435080161963
2023-02-15 16:00:00,497,398,99,11.59570707385954
2023-02-15 17:00:00,199,159,39,13.546727765586608
2023-02-15 18:00:00,0,0,0,8.527646004639116
2023-02-15 19:00:00,0,0,0,9.697278551434126
2023-02-15 20:00:00,0,0,0,10.022718550345726
2023-02-15 21:00:00,0,0,0,8.46444639334558
2023-02-15 22:00:00,0,0,0,8.376425040438496
2023-02-15 23:00:00,0,0,0,11.776027044035105
2023-02-16 00:00:00,0,0,0,15.861155325584889
2023-02-16 01:00:00,0,0,0,11.938500990107952
2023-02-16 02:00:00,0,0,0,9.914805291560555
2023-02-16 03:00:00,0,0,0,12.966488153909886
2023-02-16 04:00:00,0,0,0,16.35247285302612
2023-02-16 05:00:00,0,0,0,4.962728414734934
2023-02-16 06:00:00,0,0,0,13.122377598671573
2023-02-16 07:00:00,117,93,23,6.452728646939308
2023-02-16 08:00:00,327,262,65,16.573460732773434
2023-02-16 09:00:00,532,426,106,12.839452725255672
2023-02-16 10:00:00,624,499,124,3.880793056220737
2023-02-16 11:00:00,701,561,140,16.725127075777603
2023-02-16 12:00:00,617,494,123,4.250722341335492
2023-02-16 13:00:00,738,590,147,16.032037392840504
2023-02-16 14:00:00,859,687,171,19.651849435869668
2023-02-16 15:00:00,506,405,101,8.23911129056371
2023-02-16 16:00:00,449,359,89,14.839148578404695
2023-02-16 17:00:00,259,207,51,18.72473183576468
2023-02-16 18:00:00,5,4,1,13.363002566979242
2023-02-16 19:00:00,0,0,0,3.3680411516267528
2023-02-16 20:00:00,0,0,0,7.709464095799108
2023-02-16 21:00:00,0,0,0,10.102773115907473
2023-02-16 22:00:00,0,0,0,15.68344365915063
2023-02-16 23:00:00,0,0,0,15.07712014588379
2023-02-17 00:00:00,0,0,0,17.438859540257464
2023-02-17 01:00:00,0,0,0,14.557655534967509
2023-02-17 02:00:00,0,0,0,8.994110626462074
2023-02-17 03:00:00,0,0,0,16.489024634448477
2023-02-17 04:00:00,0,0,0,9.16781030898971
2023-02-17 05:00:00,0,0,0,6.685955146012855
2023-02-17 06:00:00,0,0,0,17.039951260366113
2023-02-17 07:00:00,139,111,27,8.27164473557671
2023-02-17 08:00:00,306,245,61,12.624626904995505
2023-02-17 09:00:00,552,441,110,5.601085205070632
2023-02-17 10:00:00,758,606,151,6.923740523363021
2023-02-17 11:00:00,909,727,181,8.669722209968961
2023-02-17 12:00:00,867,693,173,6.195371432404632
2023-02-17 13:00:00,646,517,129,16.005331983213633
2023-02-17 14:00:00,542,434,108,4.314047823939415
2023-02-17 15:00:00,718,575,143,12.045243875181008
2023-02-17 16:00:00,522,418,104,-4.336136030114652
2023-02-17 17:00:00,215,172,43,24.822020511810315
2023-02-17 18:00:00,10,8,2,2.3540168056407182
2023-02-17 19:00:00,0,0,0,12.059958733425326
2023-02-17 20:00:00,0,0,0,18.930283755544313
2023-02-17 21:00:00,0,0,0,7.211285521753276
2023-02-17 22:00:00,0,0,0,9.416533825740714
2023-02-17 23:00:00,0,0,0,9.121159067708232
2023-02-18 00:00:00,0,0,0,20.897685154011732
2023-02-18 01:00:00,0,0,0,12.107745805588248
2023-02-18 02:00:00,0,0,0,16.073729780652247
2023-02-18 03:00:00,0,0,0,8.49161257696949
2023-02-18 04:00:00,0,0,0,12.694730151755733
2023-02-18 05:00:00,0,0,0,3.7286377952831176
2023-02-18 06:00:00,0,0,0,5.34510651622468
2023-02-18 07:00:00,116,92,23,20.565648045829672
2023-02-18 08:00:00,375,300,75,13.744483574051351
2023-02-18 09:00:00,578,463,115,7.4397777645653145
2023-02-18 10:00:00,570,456,114,18.29825287937046
2023-02-18 11:00:00,632,506,126,13.039056932068895
2023-02-18 12:00:00,961,769,192,9.957270183862287
2023-02-18 13:00:00,612,490,122,0.47213629846303284
2023-02-18 14:00:00,621,497,124,12.795750241235998
2023-02-18 15:00:00,585,468,117,15.85055334910832
2023-02-18 16:00:00,511,409,102,1.5749588527504006
2023-02-18 17:00:00,264,211,52,15.03974308288014
2023-02-18 18:00:00,18,14,3,19.226793070123765
2023-02-18 19:00:00,0,0,0,12.761690128858305
2023-02-18 20:00:00,0,0,0,14.417990408994227
2023-02-18 21:00:00,0,0,0,11.750973018291536
2023-02-18 22:00:00,0,0,0,16.194027409502773
2023-02-18 23:00:00,0,0,0,4.163437226167001
2023-02-19 00:00:00,0,0,0,10.321481167003826
2023-02-19 01:00:00,0,0,0,8.537156761368882
2023-02-19 02:00:00,0,0,0,12.418244196843672
2023-02-19 03:00:00,0,0,0,12.223833940262638
2023-02-19 04:00:00,0,0,0,6.5789681665423405
2023-02-19 05:00:00,0,0,0,18.598959755704584
2023-02-19 06:00:00,0,0,0,10.396276919581444
2023-02-19 07:00:00,134,107,26,13.27405585274164
2023-02-19 08:00:00,367,294,73,10.159811161645814
2023-02-19 09:00:00,516,413,103,10.383898894180144
2023-02-19 10:00:00,501,401,100,13.890412375283319
2023-02-19 11:00:00,886,709,177,7.697200669073456
2023-02-19 12:00:00,670,536,134,5.7473002354621965
2023-02-19 13:00:00,732,586,146,9.53184877196066
2023-02-19 14:00:00,543,434,108,8.272292708430875
2023-02-19 15:00:00,512,410,102,15.356267825805514
2023-02-19 16:00:00,525,420,105,14.219809897490428
2023-02-19 17:00:00,223,178,44,5.581591545469235
2023-02-19 18:00:00,18,14,3,12.909277171898054
2023-02-19 19:00:00,0,0,0,21.13514530599302
2023-02-19 20:00:00,0,0,0,11.363014063625611
2023-02-19 21:00:00,0,0,0,14.1373089583886
2023-02-19 22:00:00,0,0,0,-3.24422777419527
2023-02-19 23:00:00,0,0,0,8.334487952346887
2023-02-20 00:00:00,0,0,0,15.591770805667236
2023-02-20 01:00:00,0,0,0,13.10576415814095
2023-02-20 02:00:00,0,0,0,11.602233689758517
2023-02-20 03:00:00,0,0,0,6.3921727397952735
2023-02-20 04:00:00,0,0,0,9.52588055052376
2023-02-20 05:00:00,0,0,0,15.478282346241631
2023-02-20 06:00:00,0,0,0,10.164099991110632
2023-02-20 07:00:00,93,74,18,17.432658926639718
2023-02-20 08:00:00,294,235,58,-2.323940853676625
2023-02-20 09:00:00,594,475,118,7.475022375969145
2023-02-20 10:00:00,519,415,103,12.416309598915323
2023-02-20 11:00:00,566,453,113,7.630985597948852
2023-02-20 12:00:00,847,677,169,12.774785803210158
2023-02-20 13:00:00,924,739,184,8.908006156625156
2023-02-20 14:00:00,856,685,171,10.600815441709344
2023-02-20 15:00:00,706,565,141,21.485753771860573
2023-02-20 16:00:00,326,261,65,7.5191857112824545
2023-02-20 17:00:00,244,195,48,12.271971488319695
2023-02-20 18:00:00,18,15,3,16.023056170188887
2023-02-20 19:00:00,0,0,0,13.031679111824483
2023-02-20 20:00:00,0,0,0,2.0650389851491706
2023-02-20 21:00:00,0,0,0,21.318320913729735
2023-02-20 22:00:00,0,0,0,10.671769495563007
2023-02-20 23:00:00,0,0,0,15.47976209500059
2023-02-21 00:00:00,0,0,0,7.868551937060717
2023-02-21 01:00:00,0,0,0,7.058724848269463
2023-02-21 02:00:00,0,0,0,11.567908308644949
2023-02-21 03:00:00,0,0,0,9.874000981694499
2023-02-21 04:00:00,0,0,0,10.484845367375065
2023-02-21 05:00:00,0,0,0,5.762630622855679
2023-02-21 06:00:00,0,0,0,4.470283979946728
2023-02-21 07:00:00,121,97,24,15.273610467257132
2023-02-21 08:00:00,370,296,74,7.162998660492872
2023-02-21 09:00:00,560,448,112,12.947231773361533
2023-02-21 10:00:00,724,579,144,17.563889157422985
2023-02-21 11:00:00,671,537,134,11.042281508350921
2023-02-21 12:00:00,867,694,173,12.369824995798279
2023-02-21 13:00:00,863,690,172,15.99303017815264
2023-02-21 14:00:00,540,432,108,6.092459533965089
2023-02-21 15:00:00,467,374,93,16.328030830887197
2023-02-21 16:00:00,530,424,106,14.447804340276921
2023-02-21 17:00:00,215,172,43,11.631235047107774
2023-02-21 18:00:00,21,17,4,16.47477305729725
2023-02-21 19:00:00,0,0,0,8.554074250988808
2023-02-21 20:00:00,0,0,0,12.467257722962424
2023-02-21 21:00:00,0,0,0,5.172156904563858
2023-02-21 22:00:00,0,0,0,8.07148095208785
2023-02-21 23:00:00,0,0,0,4.824312226586874
2023-02-22 00:00:00,0,0,0,13.230616416643336
2023-02-22 01:00:00,0,0,0,5.008908264166134
2023-02-22 02:00:00,0,0,0,12.583736831306844
2023-02-22 03:00:00,0,0,0,18.31870702390215
2023-02-22 04:00:00,0,0,0,5.065151180614006
2023-02-22 05:00:00,0,0,0,11.967469889601281
2023-02-22 06:00:00,0,0,0,15.109771209101186
2023-02-22 07:00:00,138,110,27,12.290542517654545
2023-02-22 08:00:00,336,269,67,1.5620374951154101
2023-02-22 09:00:00,612,490,122,19.103241508468813
2023-02-22 10:00:00,678,542,135,6.371917429718324
2023-02-22 11:00:00,697,558,139,3.8939104068688124
2023-02-22 12:00:00,837,669,167,1.7699507526589429
2023-02-22 13:00:00,897,718,179,11.447523595325475
2023-02-22 14:00:00,734,587,146,9.675992097785493
2023-02-22 15:00:00,716,572,143,15.399234175398899
2023-02-22 16:00:00,369,295,73,4.580250166725105
2023-02-22 17:00:00,205,164,41,7.224894152667213
2023-02-22 18:00:00,29,23,5,12.312359187732255
2023-02-22 19:00:00,0,0,0,6.407864131704672
2023-02-22 20:00:00,0,0,0,9.333859694364344
2023-02-22 21:00:00,0,0,0,4.8267742316001785
2023-02-22 22:00:00,0,0,0,13.952856928166991
2023-02-22 23:00:00,0,0,0,19.125726999081532
2023-02-23 00:00:00,0,0,0,6.600278313438512
2023-02-23 01:00:00,0,0,0,5.422080043866382
2023-02-23 02:00:00,0,0,0,12.755709797396351
2023-02-23 03:00:00,0,0,0,24.545555252931365
2023-02-23 04:00:00,0,0,0,11.754700979565017
2023-02-23 05:00:00,0,0,0,8.69115600262101
2023-02-23 06:00:00,0,0,0,3.46125403896904
2023-02-23 07:00:00,128,102,25,1.7140386381641939
2023-02-23 08:00:00,374,299,74,13.964613304904233
2023-02-23 09:00:00,424,339,84,5.930751182498389
2023-02-23 10:00:00,648,518,129,13.86993784800854
2023-02-23 11:00:00,873,698,174,7.176755981792007
2023-02-23 12:00:00,685,548,137,10.401214873226994
2023-02-23 13:00:00,780,624,156,14.89602985740601
2023-02-23 14:00:00,897,718,179,10.102006948155893
2023-02-23 15:00:00,680,544,136,14.754446434996607
2023-02-23 16:00:00,482,386,96,2.388489919719765
2023-02-23 17:00:00,288,230,57,5.9407906796110055
2023-02-23 18:00:00,34,27,6,16.359988084050563
2023-02-23 19:00:00,0,0,0,6.106760488805902
2023-02-23 20:00:00,0,0,0,13.261170078875722
2023-02-23 21:00:00,0,0,0,21.754486783022358
2023-02-23 22:00:00,0,0,0,9.114326679205321
2023-02-23 23:00:00,0,0,0,11.099242671257821
2023-02-24 00:00:00,0,0,0,14.877884628078235
2023-02-24 01:00:00,0,0,0,11.702195891838244
2023-02-24 02:00:00,0,0,0,7.335963523627861
2023-02-24 03:00:00,0,0,0,9.351009300345023
2023-02-24 04:00:00,0,0,0,16.93122692276073
2023-02-24 05:00:00,0,0,0,18.30790473009106
2023-02-24 06:00:00,0,0,0,18.100231128056265
2023-02-24 07:00:00,113,91,22,18.798653159776578
2023-02-24 08:00:00,321,257,64,13.475520620292862
2023-02-24 09:00:00,528,423,105,7.911571554460445
2023-02-24 10:00:00,586,469,117,12.627768475741147
2023-02-24 11:00:00,637,510,127,12.04476383259171
2023-02-24 12:00:00,622,498,124,14.741985225429502
2023-02-24 13:00:00,924,739,184,4.941521055698805
2023-02-24 14:00:00,697,558,139,8.674306214496875
2023-02-24 15:00:00,668,534,133,10.372581807957962
2023-02-24 16:00:00,512,410,102,13.84732306596933
2023-02-24 17:00:00,274,219,54,22.582164624302862
2023-02-24 18:00:00,42,33,8,2.2723434376311182
2023-02-24 19:00:00,0,0,0,10.007488404268587
2023-02-24 20:00:00,0,0,0,10.57852716491319
2023-02-24 21:00:00,0,0,0,7.659643769380696
2023-02-24 22:00:00,0,0,0,12.76460073429328
2023-02-24 23:00:00,0,0,0,11.88619981622917
2023-02-25 00:00:00,0,0,0,12.74389382792403
2023-02-25 01:00:00,0,0,0,19.435840766636673
2023-02-25 02:00:00,0,0,0,6.7855454051827255
2023-02-25 03:00:00,0,0,0,14.804045865545584
2023-02-25 04:00:00,0,0,0,11.277000955575437
2023-02-25 05:00:00,0,0,0,12.250299645279549
2023-02-25 06:00:00,0,0,0,10.283729486684281
2023-02-25 07:00:00,97,77,19,14.99584310099966
2023-02-25 08:00:00,271,217,54,4.859274386137088
2023-02-25 09:00:00,581,465,116,6.693194724793407
2023-02-25 10:00:00,818,654,163,11.68750436938564
2023-02-25 11:00:00,757,605,151,17.48103367685449
2023-02-25 12:00:00,658,526,131,8.833709277686758
2023-02-25 13:00:00,843,674,168,17.0876445899915
2023-02-25 14:00:00,627,502,125,12.447622550850191
2023-02-25 15:00:00,462,369,92,13.000346128450332
2023-02-25 16:00:00,457,366,91,2.5324088492112473
2023-02-25 17:00:00,301,241,60,9.083188363907636
2023-02-25 18:00:00,44,35,8,8.374457654910875
2023-02-25 19:00:00,0,0,0,9.270132169230358
2023-02-25 20:00:00,0,0,0,17.66346664806065
2023-02-25 21:00:00,0,0,0,8.862579266992299
2023-02-25 22:00:00,0,0,0,14.050814553359848
2023-02-25 23:00:00,0,0,0,12.000410861832949
2023-02-26 00:00:00,0,0,0,13.219367847259065
2023-02-26 01:00:00,0,0,0,20.423969115330518
2023-02-26 02:00:00,0,0,0,11.366738027870579
2023-02-26 03:00:00,0,0,0,15.647176220873888
2023-02-26 04:00:00,0,0,0,11.541162426335454
2023-02-26 05:00:00,0,0,0,5.8345393175327125
2023-02-26 06:00:00,0,0,0,23.708353982077995
2023-02-26 07:00:00,134,107,26,7.177378975467069
2023-02-26 08:00:00,309,247,61,10.61732295144844
2023-02-26 09:00:00,442,353,88,15.300571567324996
2023-02-26 10:00:00,591,473,118,21.357936996666076
2023-02-26 11:00:00,610,488,122,4.894099681330109
2023-02-26 12:00:00,703,562,140,12.735481207493496
2023-02-26 13:00:00,908,727,181,8.049296490494545
2023-02-26 14:00:00,651,521,130,15.922749015526023
2023-02-26 15:00:00,581,465,116,5.165755907950059
2023-02-26 16:00:00,351,280,70,14.585484642445548
2023-02-26 17:00:00,248,199,49,11.047821962630977
2023-02-26 18:00:00,49,39,9,16.34577248669143
2023-02-26 19:00:00,0,0,0,17.2175572324685
2023-02-26 20:00:00,0,0,0,11.108974774241918
2023-02-26 21:00:00,0,0,0,7.3783727634021385
2023-02-26 22:00:00,0,0,0,5.155768248839324
2023-02-26 23:00:00,0,0,0,12.482531179338038
2023-02-27 00:00:00,0,0,0,10.541083914445077
2023-02-27 01:00:00,0,0,0,9.80754005558143
2023-02-27 02:00:00,0,0,0,12.854918937726538
2023-02-27 03:00:00,0,0,0,13.607964364970947
2023-02-27 04:00:00,0,0,0,11.567210898552629
2023-02-27 05:00:00,0,0,0,1.0419813445840518
2023-02-27 06:00:00,0,0,0,5.681321084807561
2023-02-27 07:00:00,100,80,20,14.072673282191957
2023-02-27 08:00:00,416,333,83,15.846542467783127
2023-02-27 09:00:00,485,388,97,23.237258057909905
2023-02-27 10:00:00,672,538,134,12.59213542142028
2023-02-27 11:00:00,724,579,144,14.857612020185728
2023-02-27 12:00:00,896,716,179,11.459723281879375
2023-02-27 13:00:00,908,727,181,6.353039870204997
2023-02-27 14:00:00,768,614,153,14.033182329453266
2023-02-27 15:00:00,621,496,124,12.190788662863355
2023-02-27 16:00:00,441,353,88,12.889530219946701
2023-02-27 17:00:00,273,218,54,15.032740594913415
2023-02-27 18:00:00,46,37,9,10.134514890051548
2023-02-27 19:00:00,0,0,0,12.26733925511731
2023-02-27 20:00:00,0,0,0,1.7032297272345183
2023-02-27 21:00:00,0,0,0,18.23085486404419
2023-02-27 22:00:00,0,0,0,10.926474599494766
2023-02-27 23:00:00,0,0,0,15.00108621993287
2023-02-28 00:00:00,0,0,0,12.976183258206909
2023-02-28 01:00:00,0,0,0,16.865765926152278
2023-02-28 02:00:00,0,0,0,7.711898654006119
2023-02-28 03:00:00,0,0,0,16.605557664958063
2023-02-28 04:00:00,0,0,0,7.909823056402875
2023-02-28 05:00:00,0,0,0,11.475045059034224
2023-02-28 06:00:00,0,0,0,18.602036967361208
2023-02-28 07:00:00,111,89,22,8.746910233861412
2023-02-28 08:00:00,376,301,75,7.676276451200396
2023-02-28 09:00:00,607,485,121,10.784000471174988
2023-02-28 10:00:00,646,517,129,8.025826381353923
2023-02-28 11:00:00,680,544,136,15.422905350960049
2023-02-28 12:00:00,931,745,186,12.664431448251445
2023-02-28 13:00:00,906,725,181,15.023669100378484
2023-02-28 14:00:00,882,705,176,20.686764324770436
2023-02-28 15:00:00,741,592,148,11.815850345137857
2023-02-28 16:00:00,517,413,103,6.244569282354817
2023-02-28 17:00:00,307,246,61,12.666028289478104
2023-02-28 18:00:00,67,53,13,4.8355845791891126
2023-02-28 19:00:00,0,0,0,-3.2284699092740112
2023-02-28 20:00:00,0,0,0,3.043940973532278
2023-02-28 21:00:00,0,0,0,19.101175864744953
2023-02-28 22:00:00,0,0,0,9.280431724450848
2023-02-28 23:00:00,0,0,0,20.50298841244411
2023-03-01 00:00:00,0,0,0,8.352063742792165
2023-03-01 01:00:00,0,0,0,14.224792654904311
2023-03-01 02:00:00,0,0,0,7.651202071917122
2023-03-01 03:00:00,0,0,0,10.726540977911876
2023-03-01 04:00:00,0,0,0,18.83923574399095
2023-03-01 05:00:00,0,0,0,12.923821342036346
2023-03-01 06:00:00,0,0,0,17.448768628646555
2023-03-01 07:00:00,141,113,28,9.331604735982857
2023-03-01 08:00:00,271,217,54,10.471835080971635
2023-03-01 09:00:00,615,492,123,17.208941138381487
2023-03-01 10:00:00,658,526,131,11.031668443002978
2023-03-01 11:00:00,925,740,185,19.604703184510953
2023-03-01 12:00:00,796,637,159,15.820436567596467
2023-03-01 13:00:00,617,493,123,7.173797139748405
2023-03-01 14:00:00,581,465,116,6.940200949926247
2023-03-01 15:00:00,703,563,140,14.312295594522364
2023-03-01 16:00:00,553,442,110,10.697296461066442
2023-03-01 17:00:00,287,230,57,5.834858617009064
2023-03-01 18:00:00,61,49,12,13.722323211978145
2023-03-01 19:00:00,0,0,0,3.860955639344043
2023-03-01 20:00:00,0,0,0,16.31935615386533
2023-03-01 21:00:00,0,0,0,20.081761973191817
2023-03-01 22:00:00,0,0,0,13.081907895559354
2023-03-01 23:00:00,0,0,0,10.39517888480051
2023-03-02 00:00:00,0,0,0,16.30665949460949
2023-03-02 01:00:00,0,0,0,17.60200189702423
2023-03-02 02:00:00,0,0,0,6.274122330394537
2023-03-02 03:00:00,0,0,0,11.803441596041294
2023-03-02 04:00:00,0,0,0,11.623245595491165
2023-03-02 05:00:00,0,0,0,18.200074519985193
2023-03-02 06:00:00,0,0,0,4.137489823203223
2023-03-02 07:00:00,113,90,22,14.073440472661126
2023-03-02 08:00:00,378,302,75,4.58917366156312
2023-03-02 09:00:00,587,470,117,20.05660826969029
2023-03-02 10:00:00,803,642,160,9.330885309150874
2023-03-02 11:00:00,653,522,130,12.437698642536425
2023-03-02 12:00:00,909,727,181,12.610997277354707
2023-03-02 13:00:00,963,771,192,14.111575558482372
2023-03-02 14:00:00,747,598,149,3.9285595359542542
2023-03-02 15:00:00,465,372,93,13.240594131531108
2023-03-02 16:00:00,407,326,81,18.1704956118767
2023-03-02 17:00:00,212,170,42,13.565201624788116
2023-03-02 18:00:00,72,58,14,14.396264119267093
2023-03-02 19:00:00,0,0,0,13.182937427551625
2023-03-02 20:00:00,0,0,0,16.468188986593383
2023-03-02 21:00:00,0,0,0,2.0384332327998465
2023-03-02 22:00:00,0,0,0,13.168318147745834
2023-03-02 23:00:00,0,0,0,17.367258887503162
2023-03-03 00:00:00,0,0,0,12.836487707259975
2023-03-03 01:00:00,0,0,0,16.08848253430906
2023-03-03 02:00:00,0,0,0,7.305938616511858
2023-03-03 03:00:00,0,0,0,10.502717155450283
2023-03-03 04:00:00,0,0,0,11.257279890899733
2023-03-03 05:00:00,0,0,0,11.66561963844271
2023-03-03 06:00:00,0,0,0,21.990237327392023
2023-03-03 07:00:00,137,110,27,7.802008167397836
2023-03-03 08:00:00,321,257,64,11.255901212934425
2023-03-03 09:00:00,499,399,99,12.96243708152311
2023-03-03 10:00:00,706,565,141,15.471436359423716
2023-03-03 11:00:00,803,643,160,6.454580744152984
2023-03-03 12:00:00,871,696,174,4.911854737339057
2023-03-03 13:00:00,709,567,141,12.969494193775638
2023-03-03 14:00:00,674,539,134,12.465048193188363
2023-03-03 15:00:00,760,608,152,11.76567730004035
2023-03-03 16:00:00,409,327,81,11.091352416203007
2023-03-03 17:00:00,223,178,44,4.687932624752957
2023-03-03 18:00:00,85,68,17,9.718488540584609
2023-03-03 19:00:00,0,0,0,3.8074404651028466
2023-03-03 20:00:00,0,0,0,12.335979453129337
2023-03-03 21:00:00,0,0,0,12.890807895918913
2023-03-03 22:00:00,0,0,0,16.865627425415504
2023-03-03 23:00:00,0,0,0,7.051491219095226
2023-03-04 00:00:00,0,0,0,21.042767462771266
2023-03-04 01:00:00,0,0,0,11.63626497442667
2023-03-04 02:00:00,0,0,0,10.60318620986393
2023-03-04 03:00:00,0,0,0,0.5402614717164838
2023-03-04 04:00:00,0,0,0,17.373355124408278
2023-03-04 05:00:00,0,0,0,3.7454329081785502
2023-03-04 06:00:00,0,0,0,9.522909734001411
2023-03-04 07:00:00,132,106,26,10.648685404046383
2023-03-04 08:00:00,361,289,72,16.917352719955716
2023-03-04 09:00:00,599,479,119,13.354190867473758
2023-03-04 10:00:00,566,452,113,13.99962656026217
2023-03-04 11:00:00,677,542,135,7.487527367267394
2023-03-04 12:00:00,848,679,169,-1.488379214193408
2023-03-04 13:00:00,750,600,150,15.567542285659933
2023-03-04 14:00:00,593,474,118,15.686800862215126
2023-03-04 15:00:00,464,371,92,13.722983135388768
2023-03-04 16:00:00,350,280,70,14.263572181325326
2023-03-04 17:00:00,333,266,66,22.74306153489532
2023-03-04 18:00:00,87,70,17,13.758125867070518
2023-03-04 19:00:00,0,0,0,15.437884247090244
2023-03-04 20:00:00,0,0,0,7.15528890051458
2023-03-04 21:00:00,0,0,0,6.639423428283176
2023-03-04 22:00:00,0,0,0,15.996595361315016
2023-03-04 23:00:00,0,0,0,13.058091725719368
2023-03-05 00:00:00,0,0,0,14.828040361780628
2023-03-05 01:00:00,0,0,0,19.09406050523963
2023-03-05 02:00:00,0,0,0,6.76896101407921
2023-03-05 03:00:00,0,0,0,0.059107214327740465
2023-03-05 04:00:00,0,0,0,9.048074365559438
2023-03-05 05:00:00,0,0,0,11.830194886371206
2023-03-05 06:00:00,0,0,0,15.33710677341896
2023-03-05 07:00:00,109,87,21,9.454461841424365
2023-03-05 08:00:00,373,298,74,8.315084744409972
2023-03-05 09:00:00,455,364,91,15.516633995722291
2023-03-05 10:00:00,630,504,126,8.005140711286353
2023-03-05 11:00:00,847,678,169,9.931271043172302
2023-03-05 12:00:00,604,483,120,18.094664168727704
2023-03-05 13:00:00,810,648,162,19.79112099206918
2023-03-05 14:00:00,645,516,129,5.816860208755868
2023-03-05 15:00:00,527,422,105,13.894895953379283
2023-03-05 16:00:00,478,382,95,6.44302636915771
2023-03-05 17:00:00,271,217,54,14.759077728767286
2023-03-05 18:00:00,64,51,12,7.438748607905587
2023-03-05 19:00:00,0,0,0,9.0578105458697
2023-03-05 20:00:00,0,0,0,12.580184545054209
2023-03-05 21:00:00,0,0,0,4.721762389875647
2023-03-05 22:00:00,0,0,0,5.834458111694672
2023-03-05 23:00:00,0,0,0,8.357435566230883
2023-03-06 00:00:00,0,0,0,10.01803277301019
2023-03-06 01:00:00,0,0,0,14.20124909711049
2023-03-06 02:00:00,0,0,0,2.436427319916179
2023-03-06 03:00:00,0,0,0,12.33413857051317
2023-03-06 04:00:00,0,0,0,18.649270025187235
2023-03-06 05:00:00,0,0,0,8.23031614370447
2023-03-06 06:00:00,0,0,0,15.317268909516255
2023-03-06 07:00:00,126,101,25,13.387907356331048
2023-03-06 08:00:00,363,290,72,7.155750356590736
2023-03-06 09:00:00,440,352,88,7.4242974787879605
2023-03-06 10:00:00,793,634,158,14.904550977117175
2023-03-06 11:00:00,597,478,119,17.603733815868793
2023-03-06 12:00:00,648,518,129,3.499756624107892
2023-03-06 13:00:00,762,610,152,7.086343411273022
2023-03-06 14:00:00,797,637,159,13.518142933347777
2023-03-06 15:00:00,667,534,133,20.624325508918698
2023-03-06 16:00:00,381,305,76,4.930847454643316
2023-03-06 17:00:00,358,286,71,9.225841542004591
2023-03-06 18:00:00,100,80,20,12.756316354181367
2023-03-06 19:00:00,0,0,0,9.591068339862383
2023-03-06 20:00:00,0,0,0,9.094253989373465
2023-03-06 21:00:00,0,0,0,12.47955701514503
2023-03-06 22:00:00,0,0,0,3.839598140016088
2023-03-06 23:00:00,0,0,0,11.750597884666615
2023-03-07 00:00:00,0,0,0,26.003081317699476
2023-03-07 01:00:00,0,0,0,20.1498944987666
2023-03-07 02:00:00,0,0,0,17.16714871873602
2023-03-07 03:00:00,0,0,0,13.888371030073785
2023-03-07 04:00:00,0,0,0,7.510066383704052
2023-03-07 05:00:00,0,0,0,1.218774514187844
2023-03-07 06:00:00,0,0,0,18.146024916818174
2023-03-07 07:00:00,151,120,30,11.10183184432343
2023-03-07 08:00:00,341,273,68,7.154028082530862
2023-03-07 09:00:00,397,317,79,11.58893109577776
2023-03-07 10:00:00,606,485,121,9.55907223158181
2023-03-07 11:00:00,804,643,160,15.511239238032804
2023-03-07 12:00:00,983,786,196,16.67995849600917
2023-03-07 13:00:00,705,564,141,13.45454941189801
2023-03-07 14:00:00,910,728,182,14.888905903198584
2023-03-07 15:00:00,769,615,153,12.618986847076433
2023-03-07 16:00:00,576,461,115,17.328732165314456
2023-03-07 17:00:00,277,222,55,15.194828020362973
2023-03-07 18:00:00,84,67,16,24.869389127924606
2023-03-07 19:00:00,0,0,0,9.81838728842825
2023-03-07 20:00:00,0,0,0,0.6260330080702623
2023-03-07 21:00:00,0,0,0,15.612509291725413
2023-03-07 22:00:00,0,0,0,6.698593139007467
2023-03-07 23:00:00,0,0,0,15.631479673435921
2023-03-08 00:00:00,0,0,0,16.880676044801827
2023-03-08 01:00:00,0,0,0,16.905965390817492
2023-03-08 02:00:00,0,0,0,7.863015586402523
2023-03-08 03:00:00,0,0,0,14.396474932612326
2023-03-08 04:00:00,0,0,0,12.388809795606383
2023-03-08 05:00:00,0,0,0,11.863771117167826
2023-03-08 06:00:00,0,0,0,18.096102523454093
2023-03-08 07:00:00,170,136,34,12.380939956170277
2023-03-08 08:00:00,312,250,62,9.102701047512802
2023-03-08 09:00:00,426,341,85,4.9359869217065615
2023-03-08 10:00:00,718,575,143,12.010830962572197
2023-03-08 11:00:00,915,732,183,13.824710517276538
2023-03-08 12:00:00,672,538,134,12.199908764787242
2023-03-08 13:00:00,743,594,148,18.431086161879975
2023-03-08 14:00:00,639,511,127,11.849842435429052
2023-03-08 15:00:00,778,622,155,19.697871795943
2023-03-08 16:00:00,483,386,96,14.791202842816146
2023-03-08 17:00:00,343,274,68,15.726966736968558
2023-03-08 18:00:00,91,73,18,10.70901455717081
2023-03-08 19:00:00,0,0,0,-0.5946302678985358
2023-03-08 20:00:00,0,0,0,28.33238626193519
2023-03-08 21:00:00,0,0,0,9.333817687287878
2023-03-08 22:00:00,0,0,0,18.949590877423063
2023-03-08 23:00:00,0,0,0,12.125720770684724
2023-03-09 00:00:00,0,0,0,5.123396475582622
