Feature/Module,Phase 1: Achieved,Phase 2: To Be Achieved
System Architecture,"Modular architecture using Streamlit, Python, and SQLAlchemy; role-based authentication and scalable backend implemented.","Move to multi-tenant architecture ensuring tenant-specific data isolation, branding, and centralized administration capabilities."
Inventory Management,"CRUD operations for inventory, materials, devices, and products; AI-powered analytics and predictions for inventory optimization.","Enhance with IoT integration for real-time material/device tracking; material lifecycle dashboards (resource tracking, usage, disposal insights)."
AI Assistance,Context-aware AI assistant providing recommendations for inventory management and predictive analytics.,"Fine-tune AI assistant for contextual “next best action” insights, workflow optimization, and SQL generation directly integrated into dashboards."
Collaboration Terminal,Tools for shared document management and collaboration; basic notifications integrated.,"Add real-time co-editing, threaded discussions for individual objects, tagging/search functionalities for documents and blueprints, and expanded notification settings."
Blueprint Management,"Modules for uploading, managing, and downloading blueprints; workflow tracking and version control.","Introduce tagging for quick retrieval, approval workflows with integrated e-signatures, and integration with AR/VR systems for 3D visualization of blueprints."
Quality Assurance (QA),QA testing modules for tracking workflows and compliance tracking.,"Introduce enhanced digital twins for QA simulations, automated test data capture in Laboratory module, and integration with live certification approval workflows."
Certification Tracking,Certification workflows for compliance management implemented.,"Add automated certification management tools, with integrated policy enforcement and reporting."
Notifications,Notification system for alerts like inventory updates and task reminders.,"Expand to material-specific alerts (e.g., expiration) and decision-based workflow notifications integrated across core and new modules."
Financial Management,"Subscription tracking, payments/refunds processing, and payment analytics.",Extend with tools for financial projections tied to inventory and service provider management.
Reporting,Basic analytics and dashboard reporting.,Develop customizable reporting module with drag-and-drop features and executive KPI dashboards for in-depth analytics.
API Management,Not addressed in Phase 1.,"Implement API gateway with OpenAPI documentation, sandbox environment, and secure developer-centric features for seamless third-party integrations."
Service-Provider Network,Not addressed in Phase 1.,"Add a directory/matchmaking feature for 3D printing service providers, with SLA tracking, geolocation optimization, and fulfillment systems like job queues and ratings."
Advanced Printing Hub,Not addressed in Phase 1.,"Enable distributed job orchestration for multiple print facilities, with live machine-status dashboards, resource calculators, and job yield optimizers."
Laboratory & Testing Center,Not addressed in Phase 1.,"Introduce scheduler and test-bench modules for lab testing tasks, enabling end-to-end QA and integration with quality/workflow data across the platform."
Governance (Multi-Authority),Basic role-based access control implemented.,"Add fine-grained ACLs, customizable approval workflows, multi-level governance structures, and enhanced audit-trail capabilities."
Multi-Tenant Architecture,Not implemented.,"Enable enterprise-grade multi-tenant capabilities to allow data isolation per customer/organization, customizable setup options, and central operations management for tenants."
